date,fund,division,department,gl,event,description,amount
1597906800.0,Membership Fees,Administrative Overhead,Administrative Overhead,Admin and Support Services,Commission/Dept Related,"AUG. A&SS,MAINT & UTILITIES CHRGS",51003.0,MAINTENANCE,UTILITY,AUGUST,CHRGS
1597906800.0,The Green Initiative Fund (TGIF),The Green Initiative Fund,"Green Initiative Fund, The",Admin and Support Services,Commission/Dept Related,AUG 2020 TGIF ALLOCATION,3819.0,FUND,GREEN,ALLOCATION,INITIATIVE,AUGUST
1597993200.0,Membership Fees,Administrative Overhead,Officers Stipends,Assistance,Commission/Dept Related,AUG2020 BIWEEKLY PAYROLL EXP,7423.24,PAYROLL,BI-WEEKLY
1597993200.0,Membership Fees,Administrative Overhead,Administrative Overhead,Bank Balance Charges,Commission/Dept Related,AUG 2020 ACTUAL BANK CHARGES,687.84,ACTUAL,AUGUST,BANK
1597993200.0,Community Service Fees,Community Service Commission,Community Service Commission (CSC),Depreciation Expense,Commission/Dept Related,8/2020 VAN 4598 DEP EXP,137.49,VAN
1597993200.0,Community Service Fees,Community Service Commission,Community Service Commission (CSC),Depreciation Expense,Commission/Dept Related,8/2020 DEP EXP CSC COPIER SRL#8TB-644850,117.24,COPIER,SERIAL
1597993200.0,Community Service Fees,Community Service Commission,Community Service Commission (CSC),Depreciation Expense,Commission/Dept Related,8/2020 VAN 4597 DEP EXP,137.49,VAN
1597993200.0,Entertainment Fee,Campus Events Commission,Campus Events,Depreciation Expense,Commission/Dept Related,8/2020 DEP EXP DIGITAL PRJTR IN AGB,435.01,DIGITAL,PROJECTOR
1597993200.0,Membership Fees,Administrative Overhead,Officers Stipends,Officers Stipends,Commission/Dept Related,CREDIT JUN/JUL STPND ACCRUED ONJV 812-17 C. READ,-728.0,CREDIT,READ,JULY,STIPEND,ACCRUE,JUNE
1597993200.0,Membership Fees,Administrative Overhead,Officers Stipends,Officers Stipends,Commission/Dept Related,CREDIT JUN/JUL STPND ACCRUED ON JV 812-15 B. HERNANDEZ,-728.0,CREDIT,JULY,STIPEND,ACCRUE,HERNANDEZ,JV,JUNE
1597993200.0,Membership Fees,Administrative Overhead,Budget Review,Assistance,Commission/Dept Related,CREDIT JUN/JUL STPND ACCRUED ON JV 812-13 K RAFANAN,-552.0,CREDIT,JULY,STIPEND,ACCRUE,JV,JUNE,RAFANAN
1597993200.0,Membership Fees,Administrative Overhead,Finance Committee,Assistance,Commission/Dept Related,CREDIT JUL STPND ACCRUED ON JV 812-12 D. MINASYAN,-320.0,CREDIT,JULY,MINASYAN,STIPEND,ACCRUE,JV
1598425200.0,#UCLA Wellness Initiative - Contingency,Contingency,SKY at UCLA,Programming,SKY: Campus Happiness Workshop 7/31/2020,REQ. #405033,950.0,REQUEST
1598511600.0,External Vice President's Fee,External Vice President,External Vice President,Supplies,Commission/Dept Related,CASH ADV ONLINE SUBSCRIPTIONS USAC EVP,4508.04,VICE,PRESIDENT,ONLINE,EXTERNAL,USAC,SUBSCRIPTION
1599548400.0,#UCLA Wellness Initiative - Contingency,Contingency,Vietnamese Student Union (VSU),Programming,VSU: Hope Summer Kick-Off 8/7/2020,REIM CARE PCKG SUPPLIES HOPE KICK OFF 8/7/2020,355.6,HOPE,CARE,KICK,SUPPLY
1599634800.0,#UCLA Wellness Initiative - Community Service Commission,Community Service Commission,Community Service Commission (CSC),Retreats and Conferences,Commission/Dept Related,REQ#405046,750.0,REQUEST
1599634800.0,Entertainment Fee,Campus Events Commission,Campus Events,Programming,Commission/Dept Related,CASH ADV CEC SHOT GLASSES MERCHANDISE,190.32,MERCHANDISE,GLASS,SHOOT
1600239600.0,The Green Initiative Fund (TGIF),The Green Initiative Fund,"Green Initiative Fund, The",Admin and Support Services,Commission/Dept Related,SEP 2020 TGIF ALLOCATION,3819.0,FUND,GREEN,SEPTEMBER,ALLOCATION,INITIATIVE
1600239600.0,Membership Fees,Administrative Overhead,Administrative Overhead,Admin and Support Services,Commission/Dept Related,SEP 2020 A&SS MAINT & UTILITIES CHARGES,47914.0,MAINTENANCE,UTILITY,SEPTEMBER
1600326000.0,#UCLA Wellness Initiative - Community Service Commission,Community Service Commission,Community Service Commission (CSC),Maintenance/Service Contract,Commission/Dept Related,FLEET-PREVENTATIVE MAINTENANCE SVC ON 10 CSC VANS,591.0,PREVENTATIVE,MAINTENANCE,FLEET,SERVICE,VAN
1600326000.0,#UCLA Wellness Initiative - Community Service Commission,Community Service Commission,Community Service Commission (CSC),Maintenance/Service Contract,Commission/Dept Related,FLEET-PREVENTATIVE MAINTENANCE SVC ON 10 CSC VANS,1634.0,PREVENTATIVE,MAINTENANCE,FLEET,SERVICE,VAN
1600326000.0,#UCLA Wellness Initiative - Community Service Commission,Community Service Commission,Community Service Commission (CSC),Maintenance/Service Contract,Commission/Dept Related,FLEET-PREVENTATIVE MAINTENANCE SVC ON 10 CSC VANS,167.0,PREVENTATIVE,MAINTENANCE,FLEET,SERVICE,VAN
1600758000.0,#UCLA Wellness Initiative - Contingency,Contingency,"Students for Community Outreach, Promotion and Ed. (SCOPE)",Programming,SCOPE: Patient Health Advocates Website 9/8/2020,REIM WIX DOMAIN PLAN/FEE PHA WEBSITE,147.9,DOMAIN,WEBSITE,PLAN
1600758000.0,#UCLA Wellness Initiative - Contingency,Contingency,Expressive Movement Initiative (EMI),Programming,EMI: Weekly Dance Classes 10/7/2020,REIM SUPPLIES EMI'S WKLY DANCE OCT-DEC2020,85.0,OCTOBER,WEEKLY,SUPPLY,DANCE,EMI'S
1600758000.0,Student Welfare Fees,Student Wellness Commission,Student Wellness Commission (SWC),Programming,Commission/Dept Related,REIM SWC PUBLIC STORAGE AUG/SEP2020,576.0,COMMISSION,STORAGE,STUDENT,WELLNESS,PUBLIC,AUGUST
1600930800.0,Membership Fees,Administrative Overhead,Administrative Overhead,Telephones,Commission/Dept Related,ITS-1YR USA PHONE LINE CHRGS AUG2020-JUL2021,136.88,USA,YEAR,CHRGS,LINE,PHONE
1601017200.0,Membership Fees,Administrative Overhead,Officers Stipends,Assistance,Commission/Dept Related,SEP 2020 BIWEEKLY PAYROLL EXP,11578.79,PAYROLL,SEPTEMBER,BI-WEEKLY
1601017200.0,Membership Fees,Administrative Overhead,Administrative Overhead,Bank Balance Charges,Commission/Dept Related,SEP 2020 ACTUAL BANK CHARGES,410.3,BANK,ACTUAL,SEPTEMBER
1601017200.0,Community Service Fees,Community Service Commission,Community Service Commission (CSC),Depreciation Expense,Commission/Dept Related,9/2020 VAN 4598 DEP EXP,137.49,VAN
1601017200.0,Community Service Fees,Community Service Commission,Community Service Commission (CSC),Depreciation Expense,Commission/Dept Related,9/2020 DEP EXP CSC COPIER SRL#8TB-644850,117.24,COPIER,SERIAL
1601017200.0,Community Service Fees,Community Service Commission,Community Service Commission (CSC),Depreciation Expense,Commission/Dept Related,9/2020 VAN 4597 DEP EXP,137.49,VAN
1601017200.0,Entertainment Fee,Campus Events Commission,Campus Events,Depreciation Expense,Commission/Dept Related,9/20 DEP EXP DIGITAL PRJTR IN AGB,435.01,DIGITAL,PROJECTOR
1601017200.0,Entertainment Fee,Campus Events Commission,Campus Events,Depreciation Expense,Commission/Dept Related,9/2020 DEP EXP DIGITAL PRJTR IN AGB,435.01,DIGITAL,PROJECTOR
1601017200.0,Membership Fees,Administrative Overhead,Officers Stipends,Officers Stipends,Commission/Dept Related,CREDIT JUN/JUL STPND ACCRUED ON JV 812-16 N. GARCIA,-728.0,CREDIT,JULY,STIPEND,ACCRUE,JV,JUNE,GARCIA
1601017200.0,Entertainment Fee,Campus Events Commission,Campus Events,Depreciation Expense,Commission/Dept Related,RVRS JV-1524 S/B 802-12,-435.01,JV,REVERSE
1601362800.0,#UCLA Wellness Initiative - Contingency,Contingency,"Students for Community Outreach, Promotion and Ed. (SCOPE)",Programming,SCOPE: Website Funding 9/20/2020,REIM SQUARESPACE BUSINESS PLAN RENEWAL 2020-2021,216.0,SQUARESPACE,RENEWAL,PLAN,BUSINESS
1601362800.0,Community Service Fees,Community Service Commission,Community Service Commission (CSC),Graphics,Commission/Dept Related,REIM ALTERNATIVE BREAKS WEBSITE ANNUAL FEE,24.85,ALTERNATIVE,ANNUAL,WEBSITE,BREAK
1601535600.0,Entertainment Fee,Cultural Affairs Commission,"Jazz Reggae Festival, UCLA",Programming,Commission/Dept Related,REIM JAZZ REGGAE FEST/CAC MONTHLY UNIT PAYMENT JULY,87.0,UNIT,JULY,JAZZ,REGGAE,FESTIVAL,MONTHLY
1601967600.0,Membership Fees,Administrative Overhead,Administrative Overhead,Telephones,Commission/Dept Related,ITS-1YR USA PHONE LINE CHRGS AUG2020-JUL2021,136.88,USA,YEAR,CHRGS,LINE,PHONE
1601967600.0,#UCLA Wellness Initiative - Contingency,Contingency,California Health Professionals Student Alliance (CaHPSA),Programming,CaHPSA: 1st Intro & Social Event 9/16/2020,REIM CAHPSA WIX SUBSCRIPTION & ESCAPE ROOM 9/17/2020,140.78,SUBSCRIPTION,ESCAPE,CAHPSA,ROOM
1601967600.0,#UCLA Wellness Initiative - Student Wellness Commission,Student Wellness Commission,Bruin Necessities,Programming,Commission/Dept Related,REIM FLOSS & SHAMPOO AMAZON SWC BRUINECESSITIES,113.34,COMMISSION,SHAMPOO,STUDENT,AMAZON,WELLNESS,BRUINECESSITIES,FLOSS
1601967600.0,#UCLA Wellness Initiative - Contingency,Contingency,Vietnamese Student Union (VSU),Programming,VSU: Prj. HOPE End of Summer Event 9/18/2020,REIM END OF SUMMER PLANNERS & SHIPPING 9/18/2020,240.95,SHIP,END,PLANNER,SUMMER
1602054000.0,The Green Initiative Fund (TGIF),The Green Initiative Fund,"Green Initiative Fund, The",Admin and Support Services,Commission/Dept Related,OCT 2020 TGIF ALLOCATION,3819.0,OCTOBER,FUND,GREEN,ALLOCATION,INITIATIVE
1602054000.0,Membership Fees,Administrative Overhead,Administrative Overhead,Admin and Support Services,Commission/Dept Related,OCT 2020 A&SS MAINT & UTILITIES CHARGES,62245.0,MAINTENANCE,UTILITY,OCTOBER
1602658800.0,Entertainment Fee,Cultural Affairs Commission,Cultural Affairs Commission (CAC),Programming,Commission/Dept Related,HONOR GRAPHIC DESIGN LABOR HEALING SPACE,600.0,SPACE,LABOR,DESIGN,HONOR,GRAPHIC,HEAL
1602658800.0,External Vice President's Fee,External Vice President,External Vice President,Programming,Commission/Dept Related,HONOR BRUINS FOR PROP 16 CAMPAIGN VIDEOS,2000.0,BRUIN,CAMPAIGN,HONOR,PROP,VIDEO
1602658800.0,Entertainment Fee,Cultural Affairs Commission,"Jazz Reggae Festival, UCLA",Programming,Commission/Dept Related,405078,830.0
1602745200.0,#UCLA Wellness Initiative - Community Service Commission,Community Service Commission,Community Service Commission (CSC),Maintenance/Service Contract,Commission/Dept Related,FLEET-PREVENTATIVE MAINTENANCE SVC ON 10 CSC VANS,504.0,PREVENTATIVE,MAINTENANCE,FLEET,SERVICE,VAN
1602745200.0,#UCLA Wellness Initiative - Community Service Commission,Community Service Commission,Community Service Commission (CSC),Maintenance/Service Contract,Commission/Dept Related,FLEET-PREVENTATIVE MAINTENANCE SVC ON 10 CSC VANS,87.0,PREVENTATIVE,MAINTENANCE,FLEET,SERVICE,VAN
1602745200.0,#UCLA Wellness Initiative - Community Service Commission,Community Service Commission,Community Service Commission (CSC),Maintenance/Service Contract,Commission/Dept Related,FLEET-PREVENTATIVE MAINTENANCE SVC ON 10 CSC VANS,1520.0,PREVENTATIVE,MAINTENANCE,FLEET,SERVICE,VAN
1602745200.0,#UCLA Wellness Initiative - Community Service Commission,Community Service Commission,Community Service Commission (CSC),Maintenance/Service Contract,Commission/Dept Related,FLEET-PREVENTATIVE MAINTENANCE SVC ON 10 CSC VANS,167.0,PREVENTATIVE,MAINTENANCE,FLEET,SERVICE,VAN
1603263600.0,Surplus Withdrawal,Academic Affairs Commission,Academic Affairs Commission (AAC),Programming,AAC: Books for Bruins,CASH ADV BOOKS FOR BRUINS 10/12/2020,4825.0,BOOK,BRUIN
1603263600.0,Surplus Withdrawal,Academic Affairs Commission,Academic Affairs Commission (AAC),Programming,AAC: Books for Bruins,RVRS DOCUMENT NUMBER,-4825.0,REVERSE,NUMBER,DOCUMENT
1603263600.0,#UCLA Wellness Initiative - Campus Events Commission,Campus Events Commission,Campus Events,Supplies,Commission/Dept Related,REIM MEDIA PRODUCTION BOX SUB JUN-SEP,180.0,PRODUCTION,MEDIUM,SEPTEMBER,JUNE,SUB,BOX
1603263600.0,#UCLA Wellness Initiative - Contingency,Contingency,Cadenza A Cappella,Programming,Cadenza: Auditions 9/24/2020,REIM INSTRAGRAM AD 9/24/2020,29.38,INSTRAGRAM,AD
1603263600.0,Community Service Fees,Community Service Commission,Community Service Commission (CSC),Programming,Commission/Dept Related,REIM ALT BREAKS WEBSITE FEE,95.64,WEBSITE,ALT,BREAK
1603263600.0,#UCLA Wellness Initiative - Contingency,Contingency,Vietnamese Student Union (VSU),Programming,VSU: Welcome Wk: Bring Ur Own Banh Mi Nite 10/9/2020,"REIM STICKER PAPER,INK, ENVELOPES, STAMPS 10/9/2020",174.42,STICKER,PAPER,STAMP,ENVELOP,INK
1603263600.0,Surplus Withdrawal,Academic Affairs Commission,Academic Affairs Commission (AAC),Programming,AAC: Books for Bruins,CASH ADV BOOKS FOR BRUINS 10/12/2020,4075.0,BOOK,BRUIN
1603263600.0,Surplus Withdrawal,Academic Affairs Commission,Academic Affairs Commission (AAC),Programming,AAC: Books for Bruins,CASH ADV BOOKS FOR BRUINS 10/12/2020,3950.0,BOOK,BRUIN
1603263600.0,Surplus Withdrawal,Academic Affairs Commission,Academic Affairs Commission (AAC),Programming,AAC: Books for Bruins,CASH ADV BOOKS FOR BRUINS 10/12/2020,4825.0,BOOK,BRUIN
1603263600.0,Surplus Withdrawal,Academic Affairs Commission,Academic Affairs Commission (AAC),Programming,AAC: Books for Bruins,CASH ADV BOOKS FOR BRUINS 10/12/2020,4075.0,BOOK,BRUIN
1603263600.0,Academic Affairs Fees,Academic Affairs Commission,Academic Affairs Commission (AAC),Programming,Commission/Dept Related,CASH ADV BOOKS FOR BRUINS 10/12/2020,4950.0,BOOK,BRUIN
1603263600.0,Surplus Withdrawal,Academic Affairs Commission,Academic Affairs Commission (AAC),Programming,AAC: Books for Bruins,CASH ADV BOOKS FOR BRUINS 10/12/2020,4075.0,BOOK,BRUIN
1603263600.0,Surplus Withdrawal,Academic Affairs Commission,Academic Affairs Commission (AAC),Programming,AAC: Books for Bruins,CASH ADV BOOKS FOR BRUINS 10/12/2020,3975.0,BOOK,BRUIN
1603263600.0,Surplus Withdrawal,Academic Affairs Commission,Academic Affairs Commission (AAC),Programming,AAC: Books for Bruins,CASH ADV BOOKS FOR BRUINS SCHOLARSHIP 10/12-12/31/20,4675.0,BOOK,SCHOLARSHIP,BRUIN
1603263600.0,#UCLA Wellness Initiative - Contingency,Contingency,Consult Your Community at UCLA,Programming,CYC: Executive Bonding 10/10/2020,"REIM DINNER DALE, GABBY, JACOB, JESSIE, MUKHIL, NIMA",97.62,DINNER,JESSIE,GABBY,MUKHIL,DALE,JACOB
1603263600.0,#UCLA Wellness Initiative - Contingency,Contingency,Grupo Folklorico de UCLA,Programming,GF: Fiesta Mexicana 2020: Digital Experience 9/5/2020,REIM FILMING FIESTA MEXICANA 2020,1000.0,FIESTA,MEXICANA,FILM
1603350000.0,Entertainment Fee,Cultural Affairs Commission,"Jazz Reggae Festival, UCLA",Programming,Commission/Dept Related,"SALES ORDER #73103-1,#73104-1 AFROGRAD GRADPACKS & SHIRTS",2450.18,SHIRT,SALE,AFROGRAD,ORDER,GRADPACKS
1603350000.0,Entertainment Fee,Cultural Affairs Commission,"Jazz Reggae Festival, UCLA",Programming,Commission/Dept Related,"SALES ORDER #73103-1,#73104-1 AFROGRAD GRADPACKS & SHIRTS",547.56,SHIRT,SALE,AFROGRAD,ORDER,GRADPACKS
1603436400.0,Community Service Fees,Community Service Commission,Community Service Commission (CSC),Depreciation Expense,Commission/Dept Related,10/2020 VAN 4598 DEP EXP,137.49,VAN
1603436400.0,Community Service Fees,Community Service Commission,Community Service Commission (CSC),Depreciation Expense,Commission/Dept Related,10/2020 DEP EXP CSC COPIER SRL#8TB-644850,117.24,COPIER,SERIAL
1603436400.0,Community Service Fees,Community Service Commission,Community Service Commission (CSC),Depreciation Expense,Commission/Dept Related,10/2020 VAN 4597 DEP EXP,137.49,VAN
1603436400.0,Entertainment Fee,Campus Events Commission,Campus Events,Depreciation Expense,Commission/Dept Related,10/2020 DEP EXP DIGITAL PRJTR IN AGB,435.01,DIGITAL,PROJECTOR
1603522800.0,Membership Fees,Campus Events Commission,Campus Events,Assistance,Commission/Dept Related,OCT 2020 BIWEEKLY PAYROLL EXPENSE,37816.66,PAYROLL,OCTOBER,BI-WEEKLY
1603522800.0,Membership Fees,Administrative Overhead,Administrative Overhead,Bank Balance Charges,Commission/Dept Related,OCT 2020 ACTUAL BANK CHARGES,341.86,ACTUAL,OCTOBER,BANK
1603868400.0,#UCLA Wellness Initiative - Contingency,Contingency,Muslim Student Association (MSA),Programming,MSA: MAPS 9/10/2020,REIM AMAZON CARE PACKAGES MAPS,505.79,PACKAGE,AMAZON,MAP,CARE
1603868400.0,Entertainment Fee,Cultural Affairs Commission,Concerts (formerly Jazz/Folk) Series,Programming,Commission/Dept Related,HONOR CAC CONCERTS SET + INTERVIEW SERIES 10/7/2020,370.0,SET,SERIES,CONCERT,HONOR,INTERVIEW
1603868400.0,#UCLA Wellness Initiative - Contingency,Contingency,Samahang Pilipino,Hospitality,SP: SPCN Committe Fall Retreat 9/25/2020,REIM SPCN FALL RETREAT FOOD 9/25-27/2020,13.0,RETREAT,FALL,FOOD
1603868400.0,#UCLA Wellness Initiative - Contingency,Contingency,Samahang Pilipino,Hospitality,SP: SPCN Committe Fall Retreat 9/25/2020,REIM SPCN FALL RETREAT FOOD 9/25-27/2020,13.0,RETREAT,FALL,FOOD
1603868400.0,#UCLA Wellness Initiative - Contingency,Contingency,Samahang Pilipino,Hospitality,SP: SPCN Committe Fall Retreat 9/25/2020,REIM SPCN FALL RETREAT FOOD 9/25-27/2020,13.0,RETREAT,FALL,FOOD
1603868400.0,#UCLA Wellness Initiative - Contingency,Contingency,Samahang Pilipino,Hospitality,SP: SPCN Committe Fall Retreat 9/25/2020,REIM SPCN FALL RETREAT FOOD 9/25-27/2020,13.0,RETREAT,FALL,FOOD
1603868400.0,#UCLA Wellness Initiative - Contingency,Contingency,Samahang Pilipino,Hospitality,SP: SPCN Committe Fall Retreat 9/25/2020,REIM SPCN FALL RETREAT FOOD 9/25-27/2020,16.21,RETREAT,FALL,FOOD
1603868400.0,#UCLA Wellness Initiative - Contingency,Contingency,Samahang Pilipino,Hospitality,SP: SPCN Committe Fall Retreat 9/25/2020,REIM SPCN FALL RETREAT FOOD 9/25-27/2020,13.0,RETREAT,FALL,FOOD
1603868400.0,#UCLA Wellness Initiative - Contingency,Contingency,Samahang Pilipino,Hospitality,SP: SPCN Committe Fall Retreat 9/25/2020,REIM SPCN FALL RETREAT FOOD 9/25-27/2020,13.0,RETREAT,FALL,FOOD
1603868400.0,#UCLA Wellness Initiative - Contingency,Contingency,Samahang Pilipino,Hospitality,SP: SPCN Committe Fall Retreat 9/25/2020,REIM SPCN FALL RETREAT FOOD 9/25-27/2020,13.0,RETREAT,FALL,FOOD
1603868400.0,#UCLA Wellness Initiative - Contingency,Contingency,Samahang Pilipino,Hospitality,SP: SPCN Committe Fall Retreat 9/25/2020,REIM SPCN FALL RETREAT FOOD 9/25-27/2020,13.0,RETREAT,FALL,FOOD
1603868400.0,#UCLA Wellness Initiative - Contingency,Contingency,Samahang Pilipino,Hospitality,SP: SPCN Committe Fall Retreat 9/25/2020,REIM SPCN FALL RETREAT FOOD 9/25-27/2020,13.0,RETREAT,FALL,FOOD
1603868400.0,#UCLA Wellness Initiative - Contingency,Contingency,Samahang Pilipino,Hospitality,SP: SPCN Committe Fall Retreat 9/25/2020,REIM SPCN FALL RETREAT FOOD 9/25-27/2020,13.0,RETREAT,FALL,FOOD
1603868400.0,#UCLA Wellness Initiative - Contingency,Contingency,Samahang Pilipino,Hospitality,SP: SPCN Committe Fall Retreat 9/25/2020,REIM SPCN FALL RETREAT FOOD 9/25-27/2020,13.0,RETREAT,FALL,FOOD
1603868400.0,#UCLA Wellness Initiative - Contingency,Contingency,Samahang Pilipino,Hospitality,SP: SPCN Committe Fall Retreat 9/25/2020,REIM SPCN FALL RETREAT FOOD 9/25-27/2020,13.0,RETREAT,FALL,FOOD
1603868400.0,#UCLA Wellness Initiative - Contingency,Contingency,Samahang Pilipino,Retreats and Conferences,SP: SPCN Committe Fall Retreat 9/25/2020,REIM HOSPITALITY CARE PACKAGE 9/25-27/2020,363.93,CARE,PACKAGE,HOSPITALITY
1603868400.0,Bruin Bash/EAF Fee,Campus Events Commission,CEC - Special Events,Programming,Commission/Dept Related,HONOR JABOUKIE YOUNG-WHITE,10000.0,HONOR,YOUNG,JABOUKIE,WHITE
1603868400.0,Bruin Bash/EAF Fee,Campus Events Commission,CEC - Special Events,Programming,Commission/Dept Related,HONOR TABITH BROWN,20000.0,HONOR,BROWN,TABITH
1603868400.0,External Vice President's Fee,External Vice President,EVP Travel Grant,Programming,Commission/Dept Related,CASH ADV INCENTIVE APIDA TOWNHALL: PROP 16 10/8/2020,150.0,PROP,APIDA,TOWNHALL,INCENTIVE
1603868400.0,Entertainment Fee,Cultural Affairs Commission,Diversity Forum Series,Programming,Commission/Dept Related,REIM DCT KOREATOWN TOUR GAS,27.61,KOREATOWN,GAS,TOUR
1603868400.0,External Vice President's Fee,External Vice President,External Vice President,Programming,Commission/Dept Related,REIM CARDSTOCK/POPCORN USPS SHIPPING,132.62,SHIP,USPS,POPCORN,CARDSTOCK
1603868400.0,Social Justice: Academic Affairs Travel Mini Fund,Academic Affairs Commission,Academic Affairs Travel Mini Fund (Social Justice),Programming,Commission/Dept Related,REIM WIFI MESH EXTENDOR COVID 19,176.69,WIFI,COVID,EXTENDOR,MESH
1603868400.0,#UCLA Wellness Initiative - Contingency,Contingency,Samahang Pilipino,Programming,SP: Pilipino website 10/26/2020,REIM WORDPRESS BUSINESS PLAN SAMAHANG PILIPINO,300.0,WORDPRESS,SAMAHANG,BUSINESS,PILIPINO,PLAN
1603954800.0,#UCLA Wellness Initiative - Student Wellness Commission,Student Wellness Commission,Bruin Necessities,Programming,Commission/Dept Related,REIM WIX PREMIUM PLAN SWC BRUINECESSITIES,108.0,COMMISSION,PREMIUM,STUDENT,WELLNESS,BRUINECESSITIES,PLAN
1603954800.0,#UCLA Wellness Initiative - Contingency,Contingency,Samahang Pilipino,Hospitality,SP: SPCN Committe Fall Retreat 9/25/2020,REIM FOOD SPCN COMMITTEE FALL RETREAT 9/25-27/2020,13.0,COMMITTEE,RETREAT,FALL,FOOD
1603954800.0,#UCLA Wellness Initiative - Contingency,Contingency,Samahang Pilipino,Hospitality,SP: SPCN Committe Fall Retreat 9/25/2020,REIM FOOD SPCN COMMITTEE FALL RETREAT 9/25-27/2020,13.0,COMMITTEE,RETREAT,FALL,FOOD
1603954800.0,#UCLA Wellness Initiative - Contingency,Contingency,Samahang Pilipino,Hospitality,SP: SPCN Committe Fall Retreat 9/25/2020,REIM FOOD SPCN COMMITTEE FALL RETREAT 9/25-27/2020`,13.0,COMMITTEE,RETREAT,FALL,FOOD
1603954800.0,#UCLA Wellness Initiative - Contingency,Contingency,Samahang Pilipino,Hospitality,SP: SPCN Committe Fall Retreat 9/25/2020,REIM FOOD SPCN COMMITTEE FALL RETREAT 9/25-27/2020,13.0,COMMITTEE,RETREAT,FALL,FOOD
1603954800.0,#UCLA Wellness Initiative - Contingency,Contingency,Samahang Pilipino,Retreats and Conferences,SP: SPCN Committe Fall Retreat 9/25/2020,REIM FOOD SPCN COMMITTEE FALL RETREAT 9/25-27/2020,13.0,COMMITTEE,RETREAT,FALL,FOOD
1603954800.0,#UCLA Wellness Initiative - Contingency,Contingency,Samahang Pilipino,Hospitality,SP: SPCN Committe Fall Retreat 9/25/2020,REIM FOOD SPCN COMMITTEE FALL RETREAT 9/25-27/2020,13.0,COMMITTEE,RETREAT,FALL,FOOD
1603954800.0,#UCLA Wellness Initiative - Contingency,Contingency,Samahang Pilipino,Hospitality,SP: SPCN Committe Fall Retreat 9/25/2020,REIM FOOD SPCN COMMITTEE FALL RETREAT 9/25-27/2020,13.0,COMMITTEE,RETREAT,FALL,FOOD
1603954800.0,#UCLA Wellness Initiative - Contingency,Contingency,Samahang Pilipino,Hospitality,SP: SPCN Committe Fall Retreat 9/25/2020,REIM FOOD SPCN COMMITTEE FALL RETREAT 9/25-27/2020,13.0,COMMITTEE,RETREAT,FALL,FOOD
1603954800.0,#UCLA Wellness Initiative - Contingency,Contingency,Samahang Pilipino,Hospitality,SP: SPCN Committe Fall Retreat 9/25/2020,REIM FOOD SPCN COMMITTEE FALL RETREAT 9/25-27/2020,11.08,COMMITTEE,RETREAT,FALL,FOOD
1603954800.0,#UCLA Wellness Initiative - Contingency,Contingency,Samahang Pilipino,Hospitality,SP: SPCN Committe Fall Retreat 9/25/2020,REIM FOOD SPCN COMMITTEE FALL RETREAT 9/25-27/2020,13.0,COMMITTEE,RETREAT,FALL,FOOD
1603954800.0,#UCLA Wellness Initiative - Contingency,Contingency,Samahang Pilipino,Hospitality,SP: SPCN Committe Fall Retreat 9/25/2020,REIM FOOD SPCN COMMITTEE FALL RETREAT 9/25-27/2020,13.0,COMMITTEE,RETREAT,FALL,FOOD
1603954800.0,#UCLA Wellness Initiative - Contingency,Contingency,Samahang Pilipino,Hospitality,SP: SPCN Committe Fall Retreat 9/25/2020,REIM FOOD SPCN COMMITTEE FALL RETREAT 9/25-27/2020,13.0,COMMITTEE,RETREAT,FALL,FOOD
1603954800.0,#UCLA Wellness Initiative - Contingency,Contingency,Samahang Pilipino,Hospitality,SP: SPCN Committe Fall Retreat 9/25/2020,REIM FOOD SPCN COMMITTEE FALL RETREAT 9/25-27/2020,13.0,COMMITTEE,RETREAT,FALL,FOOD
1603954800.0,#UCLA Wellness Initiative - Student Wellness Commission,Student Wellness Commission,Bruin Necessities,Programming,Commission/Dept Related,REIM 2IN1 SHAMPOO SWC BRUINECESSITIES,63.08,COMMISSION,SHAMPOO,STUDENT,WELLNESS,BRUINECESSITIES
1603954800.0,#UCLA Wellness Initiative - Student Wellness Commission,Student Wellness Commission,Bruin Necessities,Programming,Commission/Dept Related,REIM CONDITIONER SWC BRUINECCESITIES,157.68,COMMISSION,STUDENT,CONDITIONER,WELLNESS,BRUINECCESITIES
1603954800.0,Entertainment Fee,Cultural Affairs Commission,Diversity Forum Series,Programming,Commission/Dept Related,REIM FOOD DCT KOREATOWN TOUR 10/17/2020,57.58,KOREATOWN,TOUR,FOOD
1603954800.0,Entertainment Fee,Campus Events Commission,CEC - Concerts,Honorarium,Commission/Dept Related,HONOR LUCY DAYE CECxCAC 10/15/2020,10000.0,HONOR,CECXCAC,LUCY
1603954800.0,Entertainment Fee,Campus Events Commission,CEC - Concerts,Honorarium,Commission/Dept Related,HONOR RAVEENA CECxCAC 10/15,6000.0,CECXCAC,HONOR,RAVEENA
1603954800.0,Social Justice: Academic Affairs Travel Mini Fund,Academic Affairs Commission,Academic Affairs Travel Mini Fund (Social Justice),Programming,Commission/Dept Related,REIM CONFERENCE REGISTRATION FEE,350.0,CONFERENCE,REGISTRATION
1603954800.0,#UCLA Wellness Initiative - Student Wellness Commission,Student Wellness Commission,SWC - Total Wellness Newsletter,Programming,Commission/Dept Related,REIM SONY ALPHA DIGITAL CAMERA KIT,764.31,ALPHA,CAMERA,KIT,DIGITAL
1603954800.0,#UCLA Wellness Initiative - Student Wellness Commission,Student Wellness Commission,SWC Student Health Investigatory,Programming,Commission/Dept Related,REIM GIFT CARDS UNPACKING MEDICAL DISCRIMINATION,50.0,CARD,MEDICAL,GIFT,UNPACK,DISCRIMINATION
1604476800.0,#UCLA Wellness Initiative - Contingency,Contingency,Samahang Pilipino,Retreats and Conferences,SP: SPCN Committe Fall Retreat 9/25/2020,REIM RVRS ENTRY WRONG AMT,-13.0,ENTRY,AMOUNT,REVERSE,WRONG
1604476800.0,#UCLA Wellness Initiative - Contingency,Contingency,Samahang Pilipino,Retreats and Conferences,SP: SPCN Committe Fall Retreat 9/25/2020,REIM WRITER DUET FOR SCRIPTWRITING,89.0,SCRIPTWRITING,WRITER,DUET
1604476800.0,Community Service Fees,Community Service Commission,Community Service Commission (CSC),Transportation,Commission/Dept Related,PAYMENT BLUE EPERMIT FOR VAN #405014.,1296.0,VAN,EPERMIT,BLUE
1604476800.0,The Green Initiative Fund (TGIF),The Green Initiative Fund,"Green Initiative Fund, The",Admin and Support Services,Commission/Dept Related,NOV 2020 TGIF ALLOCATION,3819.0,FUND,GREEN,ALLOCATION,NOVEMBER,INITIATIVE
1604476800.0,Membership Fees,Administrative Overhead,Administrative Overhead,Admin and Support Services,Commission/Dept Related,NOV 2020 A&SS MAINT&UTILITIES CHARGES,49199.0,MAINTENANCE,UTILITY,NOVEMBER
1605513600.0,#UCLA Wellness Initiative - Community Service Commission,Community Service Commission,Community Service Commission (CSC),Maintenance/Service Contract,Commission/Dept Related,FLEET-PREVENTATIVE MAINTENANCE SVC ON 10 CSC VANS,6.01,PREVENTATIVE,MAINTENANCE,FLEET,SERVICE,VAN
1605513600.0,#UCLA Wellness Initiative - Community Service Commission,Community Service Commission,Community Service Commission (CSC),Maintenance/Service Contract,Commission/Dept Related,FLEET-PREVENTATIVE MAINTENANCE SVC ON 10 CSC VANS,780.97,PREVENTATIVE,MAINTENANCE,FLEET,SERVICE,VAN
1605686400.0,Membership Fees,Administrative Overhead,Administrative Overhead,Telephones,Commission/Dept Related,ITS-1YR USA PHONE LINE CHRGS AUG2020-JUL2021,120.79,USA,YEAR,CHRGS,LINE,PHONE
1605686400.0,Membership Fees,General Representatives 2,General Representative 2,Programming,Commission/Dept Related,REIM JEWELRY FOR RAFFLE WINNERS,81.84,WINNER,JEWELRY,RAFFLE
1605686400.0,#UCLA Wellness Initiative - Contingency,Contingency,Healthcare Administration Student Association (HASA),Programming,HASA: Leaders in Healthcare Panel 10/16/2020,REIM LEADERS IN HEALTHCARE PANEL,312.0,LEADER,HEALTHCARE,PANEL
1605686400.0,#UCLA Wellness Initiative - Contingency,Contingency,Data Science Union,Programming,DSU: Socials/Website Funds 11/20/2020,CASH ADV DATA SCIENCE UNION SOCIALS WEBSITE FUND,520.0,SCIENCE,UNION,FUND,DATA,WEBSITE,SOCIAL
1605686400.0,#UCLA Wellness Initiative - Student Wellness Commission,Student Wellness Commission,SWC Student Health Investigatory,Programming,Commission/Dept Related,REIM VIRTUAL GIFT CARDS KAHOOT,10.0,VIRTUAL,GIFT,CARD,KAHOOT
1605686400.0,#UCLA Wellness Initiative - Student Wellness Commission,Student Wellness Commission,Bruin Necessities,Programming,Commission/Dept Related,REIM BRUINECESSITIES ORAL FAIR 10/22,334.8,FAIR,ORAL,BRUINECESSITIES
1605686400.0,#UCLA Wellness Initiative - Student Wellness Commission,Student Wellness Commission,Bruin Necessities,Programming,Commission/Dept Related,REIM SAALT SOFT MENSTRUAL CUP 10/30,115.96,SOFT,SAALT,CUP,MENSTRUAL
1605686400.0,#UCLA Wellness Initiative - Contingency,Contingency,TASA-Taiwanese American Student Association,Programming,TASA: Website Update 11/08/2020,REIM WEBSITE UPDATE 11/6/2020,109.11,UPDATE,WEBSITE
1605686400.0,#UCLA Wellness Initiative - Student Wellness Commission,Student Wellness Commission,Bruin Necessities,Programming,Commission/Dept Related,REIM SUPPLIES MENSTURAL HYGIENE 10/30/20,18.03,HYGIENE,MENSTURAL,SUPPLY
1605686400.0,#UCLA Wellness Initiative - Student Wellness Commission,Student Wellness Commission,Bruin Necessities,Programming,Commission/Dept Related,REIM 5 TAMPAX TAMPONS 10/27/2020,34.95,TAMPON,TAMPAX
1605686400.0,#UCLA Wellness Initiative - Student Wellness Commission,Student Wellness Commission,Bruin Necessities,Programming,Commission/Dept Related,REIM KOTEX CLEANWEAR PADS 10/30/2020,62.73,CLEANWEAR,KOTEX,PAD
1605686400.0,Student Welfare Fees,Student Wellness Commission,Student Wellness Commission (SWC),Programming,Commission/Dept Related,CASH ADV BASIC NEEDS FUND,4108.82,BASIC,NEED,FUND
1605686400.0,Student Welfare Fees,Student Wellness Commission,Student Wellness Commission (SWC),Programming,Commission/Dept Related,CASH ADV BASIC NEEDS FUND,4086.31,BASIC,NEED,FUND
1605686400.0,Student Welfare Fees,Student Wellness Commission,Student Wellness Commission (SWC),Programming,Commission/Dept Related,CASH ADV BASIC NEEDS FUND,4333.53,BASIC,NEED,FUND
1605686400.0,Student Welfare Fees,Student Wellness Commission,Student Wellness Commission (SWC),Programming,Commission/Dept Related,CASH ADV BASIC NEEDS FUND,2558.41,BASIC,NEED,FUND
1605686400.0,#UCLA Wellness Initiative - Contingency,Contingency,Cadenza A Cappella,Programming,"Cadenza Arrangement Workshop 
11/11/2020",REIM MUSIC SCORE WORKSHOP 11/11/2020,5.99,WORKSHOP,SCORE,MUSIC
1605686400.0,Entertainment Fee,Cultural Affairs Commission,Concerts (formerly Jazz/Folk) Series,Programming,Commission/Dept Related,HONOR CAC CONCERTS 11/2/2020,370.0,HONOR,CONCERT
1605686400.0,#UCLA Wellness Initiative - Contingency,Contingency,Alumni Scholars Club (ASC),Programming,"ASC: Mask-Making 
11/09/2020",REIM MASK MAKING WITH ASC SUPPLIES 10/30/2020,120.0,MASK,SUPPLY,MAKE
1605686400.0,#UCLA Wellness Initiative - Contingency,Contingency,"Students for Community Outreach, Promotion and Ed. (SCOPE)",Programming,SCOPE: All Brains Website 10/30/2020,REIM WIX WEBSITE DOMAIN AND PREMIUM PLAIN,228.85,DOMAIN,WEBSITE,PREMIUM,PLAIN
1605686400.0,Entertainment Fee,Cultural Affairs Commission,Interns,Programming,Commission/Dept Related,REIM USB MICROPHONES,78.82,MICROPHONE
1605686400.0,#UCLA Wellness Initiative - Student Wellness Commission,Student Wellness Commission,SWC - Total Wellness Newsletter,Programming,Commission/Dept Related,REIM TOTAL WELLNESS MAGAZINE AND POSTAGE,191.69,POSTAGE,TOTAL,WELLNESS,MAGAZINE
1605686400.0,#UCLA Wellness Initiative - Student Wellness Commission,Student Wellness Commission,Bruin Necessities,Programming,Commission/Dept Related,REIM PADS BRUIN BAZAAR SWC BRUIN NECESSITIES,86.8,COMMISSION,BRUIN,NECESSITY,STUDENT,WELLNESS,PAD,BAZAAR
1605686400.0,Student Welfare Fees,Student Wellness Commission,SWC - Wazo Connect,Programming,Commission/Dept Related,REIM GAIAM YOGA KIT 10/20/20,35.91,GAIAM,KIT,YOGA
1605686400.0,Student Welfare Fees,Student Wellness Commission,SWC - Wazo Connect,Programming,Commission/Dept Related,REIM WAZO WELLNESS EVENT 11/03/20,35.95,EVENT,WELLNESS
1605686400.0,#UCLA Wellness Initiative - Student Wellness Commission,Student Wellness Commission,Bruin Necessities,Programming,Commission/Dept Related,REIM PRIORITY MAIL MENSTRUAL CHALLENGE 10/30,8.25,PRIORITY,MAIL,CHALLENGE,MENSTRUAL
1605686400.0,#UCLA Wellness Initiative - Contingency,Contingency,Medical Aid Initiative,Programming,MAI: Pre-Health & Sustainability Panel 11/20/2020,CASH ADV CARDS FOR PANELISTS PRE HEALTH PANEL 11/20,210.0,PANELIST,HEALTH,CARD,PANEL
1605686400.0,Entertainment Fee,Campus Events Commission,Campus Events,Depreciation Expense,Commission/Dept Related,RVRS JV-1524 S/B 802-12,-435.01,JV,REVERSE
1605686400.0,Entertainment Fee,Campus Events Commission,Campus Events,Depreciation Expense,Commission/Dept Related,RVRS JV-1527 WRONG DATE,435.01,DATE,JV,REVERSE,WRONG
1605686400.0,Community Service Fees,Community Service Commission,Community Service Commission (CSC),Depreciation Expense,Commission/Dept Related,11/2020 VAN 4598 DEP EXP,137.49,VAN
1605686400.0,Community Service Fees,Community Service Commission,Community Service Commission (CSC),Depreciation Expense,Commission/Dept Related,11/2020 DEP EXP CSC COPIER SRL#8TB-644850,117.24,COPIER,SERIAL
1605686400.0,Community Service Fees,Community Service Commission,Community Service Commission (CSC),Depreciation Expense,Commission/Dept Related,11/2020 VAN 4597 DEP EXP,137.49,VAN
1605686400.0,Entertainment Fee,Campus Events Commission,Campus Events,Depreciation Expense,Commission/Dept Related,11/2020 DEP EXP DIGITAL PRJTR IN AGB,435.01,DIGITAL,PROJECTOR
1605686400.0,Entertainment Fee,Cultural Affairs Commission,Cultural Affairs Commission (CAC),Programming,Commission/Dept Related,BLA DUE U114135 8/6/20 REQ 403860,-88.0,DUE,REQUEST
1605772800.0,#UCLA Wellness Initiative - Contingency,Contingency,Cadenza A Cappella,Programming,"Cadenza Escape Room Social
 11/10/2020",REIM ESCAPE ROOM CADENZA 11/13/2020,240.0,CADENZA,ESCAPE,ROOM
1605772800.0,#UCLA Wellness Initiative - Contingency,Contingency,Cadenza A Cappella,Programming,"Cadenza Escape Room Social
 11/10/2020",REIM ESCAPE ROOM CADENZA 11/13/2020,240.0,CADENZA,ESCAPE,ROOM
1605772800.0,#UCLA Wellness Initiative - Contingency,Contingency,Cadenza A Cappella,Hospitality,Cadenza: General Mtg 9/21/2020,REIM FOOD CADENZA GENERAL MEETING 9/21/2020,56.36,CADENZA,MEET,GENERAL,FOOD
1605772800.0,Entertainment Fee,Cultural Affairs Commission,Diversity Forum Series,Programming,Commission/Dept Related,REIM SUNNIN LEBANESE CAFE WESTWOOD TOUR 11/15/2020,100.43,SUNNIN,LEBANESE,WESTWOOD,TOUR,CAFE
1605859200.0,Membership Fees,Campus Events Commission,Campus Events,Assistance,Commission/Dept Related,NOV2020 BIWEEKLY PAYROLL EXPENSE,47633.35,PAYROLL,BI-WEEKLY
1605859200.0,Membership Fees,Administrative Overhead,Officers Stipends,Officers Stipends,Commission/Dept Related,JUN/JUL 2020 PROMISE O. ACCRUED JE#812-18 PD NOV 2020,-728.0,JULY,NOVEMBER,ACCRUE,JUNE,PD,PROMISE
1605859200.0,Membership Fees,Administrative Overhead,Administrative Overhead,Bank Balance Charges,Commission/Dept Related,NOV 2020 ACTUAL BANK CHARGES,383.05,ACTUAL,BANK,NOVEMBER
1605859200.0,Membership Fees,Community Service Commission,Community Service Commission (CSC),Assistance,Commission/Dept Related,XFR NOV2020 STPND NGAN TRAN/BRC-CS MINIFUND,0.0,MINIFUND,STIPEND,TRANSFER
1605859200.0,Membership Fees,Community Service Commission,Community Service Commission (CSC),Assistance,Commission/Dept Related,XFR NOV2020 STPND J. VON MORGENLAND/BRC-CS MINIFUND,0.0,MINIFUND,STIPEND,TRANSFER,MORGENLAND
1606204800.0,Good Clothes Good People Fund,Community Service Commission,Good Clothes Good People,Programming,Commission/Dept Related,CASH ADV GCGP BASIC NEEDS REQUESTS AMAZON,1037.01,GOOD,PEOPLE,AMAZON,CLOTHE,BASIC,NEED,REQUEST
1606204800.0,#UCLA Wellness Initiative - Contingency,Contingency,American Cancer Society (ACS) on Campus,Programming,ACS Relay for Life 10/19/2020,REIM DONATION JARS RELAY FOR LIFE 2020,33.98,LIFE,DONATION,JAR,RELAY
1606204800.0,Good Clothes Good People Fund,Community Service Commission,Good Clothes Good People,Programming,Commission/Dept Related,"CASH ADV GIFT CARDS, MENSTRUAL CUPS, ESSENTIAL BUND",402.0,CARD,CUP,MENSTRUAL,GIFT,ESSENTIAL
1606204800.0,Prior Year Other Income,Officially Recognized Student Organizations,Mobile Clinic Project at UCLA (MCP) (Undergrad/Grad),Programming,Commission/Dept Related,REIM FLOOD LIGHTS FREE CLINIC 11/18/2020,38.31,FREE,LIGHT,CLINIC,FLOOD
1606204800.0,Entertainment Fee,Cultural Affairs Commission,Diversity Forum Series,Programming,Commission/Dept Related,REIM FOOD DCT MEMBERS WESTWOOD TOUR 11/15/2020,39.06,MEMBER,WESTWOOD,TOUR,FOOD
1606204800.0,#UCLA Wellness Initiative - Contingency,Contingency,Leukemia & Lymphoma Society (LLS) @ UCLA,Programming,LLS: Website 12/01/2020,REIM SQUARESPACE WEBSITE SUBSCRIPTION LLS CLUB 2020,72.0,SQUARESPACE,CLUB,WEBSITE,SUBSCRIPTION
1606204800.0,#UCLA Wellness Initiative - Contingency,Contingency,Transfer Student Representative,Incentives,TSR: Halloween Costume Party 10/30/2020,REIM UCLA STORE GIFT CARDS HALLOWEEN CONTEST 10/30,100.0,CARD,STORE,CONTEST,GIFT,HALLOWEEN
1606204800.0,#UCLA Wellness Initiative - Contingency,Contingency,Vietnamese Student Union (VSU),Incentives,VSU: High School Conference 11/13/2020,REIM VIETNAMESE STUDENT UNION HS CONFERENCE 11/13,100.0,CONFERENCE,VIETNAMESE,STUDENT,UNION
1606204800.0,USA Community Service Mini Fund,USA Community Service Mini Fund,Moneythink,Programming,MT: Financial Literacy/Mentoring (expires 2/3/2021),REIM CHEGG SUBSCRIPTION 11/17/2020,14.95,CHEGG,SUBSCRIPTION
1606204800.0,#UCLA Wellness Initiative - Contingency,Contingency,Flying Samaritans at UCLA,Programming,FS: NAPCRG Annual Conference 11/20/2020,REIM NAPCRG MEMBERSHIP & REGISTRATION FEE 11/20-24,170.0,MEMBERSHIP,NAPCRG,REGISTRATION
1606204800.0,#UCLA Wellness Initiative - Contingency,Contingency,Flying Samaritans at UCLA,Programming,FS: NAPCRG Annual Conference 11/20/2020,REIM NAPCRG REGISTRATION AND MEMBERSHIP FEE 11/20,170.0,MEMBERSHIP,NAPCRG,REGISTRATION
1606204800.0,#UCLA Wellness Initiative - Contingency,Contingency,Flying Samaritans at UCLA,Programming,FS: NAPCRG Annual Conference 11/20/2020,REIM NAPCRG MEMBERSHIP & REGISTRATION FEE 11/20-24,190.0,MEMBERSHIP,NAPCRG,REGISTRATION
1606204800.0,#UCLA Wellness Initiative - Contingency,Contingency,Los Anglees Human Rights Initiative (LAHRI),Programming,LAHRI: Advocacy & Outreach 10/7/2020,REIM CANVA SUBSCRIPTION ADVOCACY & OUTREACH 10/7/20,119.4,OUTREACH,CANVAS,SUBSCRIPTION,ADVOCACY
1606896000.0,Social Justice: Academic Affairs Travel Mini Fund,Academic Affairs Commission,Academic Affairs Travel Mini Fund (Social Justice),Programming,Commission/Dept Related,REIM REGISTRATION FEE HERMANAS UNIDAS CONF 11/14/20,20.0,CONFERENCE,HERMANAS,UNIDAS,REGISTRATION
1606896000.0,Social Justice: Academic Affairs Travel Mini Fund,Academic Affairs Commission,Academic Affairs Travel Mini Fund (Social Justice),Programming,Commission/Dept Related,REIM REGISTRATION HAU FALL CONFERENCE 11/14/2020,20.0,FALL,REGISTRATION,CONFERENCE
1606896000.0,#UCLA Wellness Initiative - Contingency,Contingency,Medical Aid Initiative,Programming,MAI: Pre-Health & Sustainability Panel 11/20/2020,VOID API-6260 WRON NAME,-210.0,NAME,VOID
1606896000.0,#UCLA Wellness Initiative - Contingency,Contingency,Medical Aid Initiative,Programming,MAI: Pre-Health & Sustainability Panel 11/20/2020,CASH ADV GIFT CARDS FOR PANELISTS 11/20/20,210.0,GIFT,PANELIST,CARD
1606896000.0,USA Community Service Mini Fund,USA Community Service Mini Fund,Vietnamese Community Health (VCH) Project @ UCLA,Programming,VCH: Fall 2020 Health Fair (expires 2/3/2021),REIM 1/4 PAGE ADVERT IN VIET BAO DAILY NEWS 11/15/2020,180.0,PAGE,NEWS,ADVERT,DAILY
1606896000.0,External Vice President's Fee,External Vice President,External Vice President,Travel,Commission/Dept Related,REIM UBER/BREAKFAST/DINNER/LUNCH/FLIGHTS HIGHER ED,710.3,DINNER,LUNCH,RIDESHARE,BREAKFAST,FLIGHT,HIGHER,ED
1606896000.0,#UCLA Wellness Initiative - Contingency,Contingency,Consult Your Community at UCLA,Incentives,CYC: Case Competition 11/24/2020,REIM AMAZON GIFT CARD CYC CASE COMPETITION 11/24,50.0,CARD,CONSULT,GIFT,COMMUNITY,AMAZON,CASE,COMPETITION
1606896000.0,Prior Year Other Income,Officially Recognized Student Organizations,Mobile Clinic Project at UCLA (MCP) (Undergrad/Grad),Programming,Commission/Dept Related,PARTIAL PAYMENT FOR MAY/AUGUST FLEET SERVICES,318.42,FLEET,SERVICE,PARTIAL,MAY,AUGUST
1606896000.0,Student Initiated Outreach Fee,Membership Fee,Student Initiated Access Committee,Special Fee Remittance,Commission/Dept Related,REMIT SUMMER 2020 PLEDGE FEE SIAC,31108.39,PLEDGE,SUMMER
1606896000.0,Campus Retention Committee,Membership Fee,Campus Retention Committee,Special Fee Remittance,Commission/Dept Related,REMIT SUMMER 2020 PLEDGE FEE CRC,23781.7,PLEDGE,SUMMER
1606896000.0,Community Programs Office Fee,Membership Fee,Community Programs Office Fee,Special Fee Remittance,Commission/Dept Related,REMIT SUMMER 2020 PLEDGE FEE CPO,13692.49,PLEDGE,SUMMER
1606896000.0,Community Programs Office Fee,Membership Fee,Community Programs Office Fee,Special Fee Remittance,Commission/Dept Related,REMIT SUMMER 2020 PLEDGE FEE SREC,41197.59,PLEDGE,SUMMER
1606896000.0,#UCLA Wellness Initiative - Contingency,Contingency,Asian Pacific Coalition (APC),Incentives,APC: 2020 FM#1 Post Election Debrief!,REIM STICKS APC FALL GENERAL MEETING 11/13/2020,103.66,APC,GENERAL,FALL,STICK,MEET
1606896000.0,Social Justice: Academic Affairs Travel Mini Fund,Academic Affairs Commission,Academic Affairs Travel Mini Fund (Social Justice),Programming,Commission/Dept Related,REIM REGISTRATION HERMANAS UNIDAS CONF 11/14/20,20.0,CONFERENCE,HERMANAS,UNIDAS,REGISTRATION
1606896000.0,#UCLA Wellness Initiative - CAPS,Membership Fee,#UCLA Wellness Initiative - CAPS,Special Fee Remittance,Commission/Dept Related,REMIT SUMMER 2020 #UCLAWELLNESS INITIATIVE FOR CAPS,67106.68,INITIATIVE,CAP,WELLNESS,SUMMER
1606896000.0,Social Justice: Community Activities Committee,Membership Fee,Community Activity Committee,Special Fee Remittance,Commission/Dept Related,REMIT SUMMER 2020 SOCIAL JUSTICE: CAC FEES,69463.74,SOCIAL,JUSTICE,SUMMER
1606896000.0,Social Justice: Campus Retention Committee,Membership Fee,Campus Retention Committee,Special Fee Remittance,Commission/Dept Related,REMIT SUMMER 2020 SOCIAL JUSTICE: CRC FEE,62392.58,SOCIAL,JUSTICE,SUMMER
1606896000.0,Social Justice: SIOC,Membership Fee,Student Initiated Access Committee,Special Fee Remittance,Commission/Dept Related,REMIT SUMMER 2020 SOCIAL JUSTICE: SIAC FEE,62392.58,SOCIAL,JUSTICE,SUMMER
1606896000.0,Social Justice: Justic Camps Programming Fund,Membership Fee,Social Justice: Camps Programming Fund,Special Fee Remittance,Commission/Dept Related,REMIT SUMMER 2020 SOCIAL JUSTICE: SJC FEES,7764.41,SOCIAL,JUSTICE,SUMMER
1606896000.0,Social Justice: CPO Food Closet,Membership Fee,Social Justice: CPO Food Closet,Special Fee Remittance,Commission/Dept Related,REMIT SUMMER 2020 SOCIAL JUSTICE: CPO FOOD FEES,7764.41,SOCIAL,JUSTICE,FOOD,SUMMER
1606896000.0,Social Justice: LGBT,Membership Fee,Social Justice: LGBT,Special Fee Remittance,Commission/Dept Related,REMIT SUMMER 2020 SOCIAL JUSTICE: LGBT FEES,3882.2,SOCIAL,JUSTICE,SUMMER
1606896000.0,Social Justice: Cultural and Spiritual Student Programming F,Membership Fee,Social Justice: Cultural and Spiritual Student Programming,Special Fee Remittance,Commission/Dept Related,REMIT SUMMER 2020 SOCIAL JUSTICE: CSS FEES,3882.2,CS,SOCIAL,JUSTICE,SUMMER
1606896000.0,Social Justice: Students w/Dependent Child Care Service Fund,Membership Fee,Social Justice: Students w/Dependent Child Care Service Fd,Special Fee Remittance,Commission/Dept Related,REMIT SUMMER 2020 SOCIAL JUSTICE: SDCCS FEES,12339.87,SOCIAL,JUSTICE,SUMMER
1606896000.0,Social Justice: Academic Advancement Program,Membership Fee,Social Justice: Academic Advancement Program,Special Fee Remittance,Commission/Dept Related,REMIT SUMMER 2020 SOCIAL JUSTICE: AAP FEES,31196.29,SOCIAL,JUSTICE,SUMMER
1606896000.0,Social Justice: Cultural and Recreational Affairs John Woode,Membership Fee,Social Justice: Cultural and Recreational Affairs John Woode,Special Fee Remittance,Commission/Dept Related,REMIT SUMMER 2020 SOCIAL JUSTICE: CRA FEES,27314.08,SOCIAL,JUSTICE,SUMMER
1606896000.0,USA Community Service Mini Fund,USA Community Service Mini Fund,Flying Samaritans at UCLA,Programming,FS: Flying Samaritans at UCLA (expires 2/3/2021),REIM DECEMBER CARE PACKAGE DROP OFF TRIP 12/19,869.83,DECEMBER,CARE,PACKAGE,TRIP,DROP
1606896000.0,USA Community Service Mini Fund,USA Community Service Mini Fund,Morning Sign Out at UCLA,Programming,MSO: Cool Kits and Crafts for Kids (2/3/2021),REIM MSO STICKERS COVID PREPAREDNESS KITS,101.15,PREPAREDNESS,COVID,KIT,STICKER
1606896000.0,USA Community Service Mini Fund,USA Community Service Mini Fund,Morning Sign Out at UCLA,Programming,MSO: Cool Kits and Crafts for Kids (2/3/2021),REIM CLOTHS MASKS FOR CHILDREN GIFTED LIVING INST,342.19,CLOTH,MASK,INST,GIFT,LIVE,CHILD
1606896000.0,Good Clothes Good People Fund,Community Service Commission,Good Clothes Good People,Programming,Commission/Dept Related,REQ#405192 ASUCLA STORE 56 GIFT CARDS GCGP BASIC NEEDS,1400.0,ASUCLA,CARD,STORE,GOOD,PEOPLE,GIFT,CLOTHE,BASIC,NEED,REQUEST
1606896000.0,Community Service Fees,Community Service Commission,Community Service Commission (CSC),Depreciation Expense,Commission/Dept Related,12/2020 VAN 4598 DEP EXP,137.49,VAN
1606896000.0,Community Service Fees,Community Service Commission,Community Service Commission (CSC),Depreciation Expense,Commission/Dept Related,12/2020 DEP EXP CSC COPIER SRL#8TB-644850,117.24,COPIER,SERIAL
1606896000.0,Community Service Fees,Community Service Commission,Community Service Commission (CSC),Depreciation Expense,Commission/Dept Related,12/2020 VAN 4597 DEP EXP,137.49,VAN
1606896000.0,Entertainment Fee,Campus Events Commission,Campus Events,Depreciation Expense,Commission/Dept Related,12/2020 DEP EXP DIGITAL PRJTR IN AGB,435.01,DIGITAL,PROJECTOR
1606896000.0,The Green Initiative Fund (TGIF),The Green Initiative Fund,"Green Initiative Fund, The",Admin and Support Services,Commission/Dept Related,DEC 2020 TGIF ALLOCATION,3814.0,FUND,GREEN,DECEMBER,ALLOCATION,INITIATIVE
1606896000.0,Membership Fees,Administrative Overhead,Administrative Overhead,Admin and Support Services,Commission/Dept Related,DEC. 2020 A&SS MAINT & UTILITIES CHARGES,48778.0,MAINTENANCE,UTILITY,DECEMBER
1606982400.0,#UCLA Wellness Initiative - Contingency,Contingency,Vietnamese Community Health (VCH) Project @ UCLA,Programming,"VCH: Fall 2020 Health Fair
 11/15/2020",REIM 1/8 PAGE ADVERTISMENT VIET DAILY NEWS,150.0,PAGE,ADVERTISMENT,NEWS,DAILY
1606982400.0,USA Community Service Mini Fund,USA Community Service Mini Fund,Latinas Guiding Latinas (LGL),Programming,LGL: Food Gift Cards for Thanksgiving (expires 2/3/2021),CASH ADV THANKSGIVING FOOD GIFT CARDS,1596.85,GIFT,CARD,FOOD,THANKSGIVING
1607414400.0,Entertainment Fee,Campus Events Commission,Campus Events,Services/Subscriptions,Commission/Dept Related,REIM IMDB PRO SUBSCRIPTION,149.99,SUBSCRIPTION,PRO
1607414400.0,Entertainment Fee,Cultural Affairs Commission,Spoken Word Lounge (formerly Eclectic),Programming,Commission/Dept Related,REIM SUPPLIES WORD ON WEDNESDAYS LAUNCH,167.0,SUPPLY,WORD,LAUNCH,WEDNESDAY
1607414400.0,#UCLA Wellness Initiative - Contingency,Contingency,Undergraduate Communication Association (UCA),Programming,UCA: Website Funding for Undergraduate Comm Assoc 11/17/2020,REIM SQUARESPACE WEBSITE UCA 11/17/2020,134.0,SQUARESPACE,WEBSITE,UCA
1607414400.0,Community Service Fees,Community Service Commission,Community Service Commission (CSC),Transportation,Commission/Dept Related,REIM CAR WASH PAYMENTS,91.96,CAR,WASH
1607414400.0,USA Community Service Mini Fund,USA Community Service Mini Fund,Moneythink,Programming,MT: Financial Literacy/Mentoring (expires 2/3/2021),REIM 1 CHEGG STUDY BIRMINGHAM MENTOR 12/1/2020,14.95,CHEGG,BIRMINGHAM,MENTOR,STUDY
1607414400.0,Membership Fees,President,Presidents Office,Programming,Commission/Dept Related,REIM OFFICE OF PRESIDENT WEBSITE,68.16,OFFICE,WEBSITE,PRESIDENT
1607414400.0,Membership Fees,Facilities,Facilities Commission,Programming,Commission/Dept Related,REIM STARBUCKS GIFT CARD 12/4/2020,15.0,STARBUCKS,GIFT,CARD
1607414400.0,USA Community Service Mini Fund,USA Community Service Mini Fund,Bruin Hope: Project,Programming,BH: BruinHope Care Packages (expires 2/3/2021),REIM SHIPPING SUPPLIES BRUINHOPE CARE PACKAGES,53.66,SHIP,BRUINHOPE,SUPPLY,CARE,PACKAGE
1607414400.0,#UCLA Wellness Initiative - Contingency,Contingency,Grupo Folklorico de UCLA,Programming,GF: Dia de Los Muertos 11/21/2020,REIM CLUTTER STORAGE AND STEAMER DIA DE LOS 2020,250.66,DE,STORAGE,STEAMER,DIA,CLUTTER
1607414400.0,USA Community Service Mini Fund,USA Community Service Mini Fund,Bruin Belles Service Association (BBSA),Programming,BB: Make and Give Drive (expires 2/3/2021),REIM MAKE AND GIVE DRIVE SUPPLIES 11/16-12/15/2020,227.31,DRIVE,SUPPLY,GIVE,MAKE
1607414400.0,#UCLA Wellness Initiative - Contingency,Contingency,Cadenza A Cappella,Hospitality,Cadenza: Rehearsal 11/21/2020,REIM FOOD DELIVERY CADENZA A CAPPELLA 11/28,173.5,CADENZA,DELIVERY,CAPPELLA,FOOD
1607414400.0,USA Community Service Mini Fund,USA Community Service Mini Fund,Moneythink,Programming,MT: Financial Literacy/Mentoring (expires 2/3/2021),REIM UCLA MONEYTHINK SUPPLIES 11/25/2020,119.43,SUPPLY,MONEYTHINK
1607414400.0,#UCLA Wellness Initiative - Contingency,Contingency,Consult Your Community at UCLA,Programming,CYC: Thanksgiving Celebration 11/23/2020,REIM GIFT BAGS AND SHIPPING CYC THANKSGIVING,200.0,CONSULT,BAG,SHIP,GIFT,COMMUNITY,THANKSGIVING
1607414400.0,Membership Fees,President,Presidents Office,Programming,Commission/Dept Related,REIM AMAZON GIFT CARDS,100.0,GIFT,AMAZON,CARD
1607414400.0,#UCLA Wellness Initiative - Contingency,Contingency,Bruin Film Society (BFS),Programming,"BFS: Shiva Baby screening 
12/10/2020",REIM FESTIVAL LICENSE FOR SHIVA BABY 12/10/2020,256.0,BABY,SHIVA,FESTIVAL,LICENSE
1607500800.0,Entertainment Fee,Cultural Affairs Commission,Hip-Hop Congress Series,Programming,Commission/Dept Related,HONOR HHC FALL ART SHOWCASE 11/20/2020,600.0,ART,FALL,HOP,HONOR,CONGRESS,HIP,SHOWCASE
1607500800.0,#UCLA Wellness Initiative - Contingency,Contingency,"(E3) Ecology, Economy, Equity",Programming,"E3: Earth Month 
04/01/2021",CASH ADV GRAPHICS CANVA PRO TEAM ACCOUNT,119.27,TEAM,ACCOUNT,GRAPHIC,CANVAS,PRO
1607500800.0,#UCLA Wellness Initiative - Contingency,Contingency,Vietnamese Community Health (VCH) Project @ UCLA,Programming,"VCH: Fall 2020 Health Fair
 11/15/2020",REIM AIRTIME FOR VIETNAMESE RADIO TALK SHOW,45.0,TALK,SHOW,RADIO,VIETNAMESE,AIRTIME
1607500800.0,Good Clothes Good People Fund,Community Service Commission,Good Clothes Good People,Programming,Commission/Dept Related,CASH ADV GCGP BASIC NEEDS SUPPLIES,252.1,GOOD,SUPPLY,PEOPLE,CLOTHE,BASIC,NEED
1607500800.0,Good Clothes Good People Fund,Community Service Commission,Good Clothes Good People,Programming,Commission/Dept Related,CASH ADV GCGP BASIC NEEDS SUPPLIES,203.81,GOOD,SUPPLY,PEOPLE,CLOTHE,BASIC,NEED
1607500800.0,Membership Fees,General Representatives 2,General Representative 2,Programming,Commission/Dept Related,REIM INTERVIEW TRANSLATION/TRANSCRIPTION,30.0,TRANSCRIPTION,INTERVIEW,TRANSLATION
1607587200.0,Membership Fees,Administrative Overhead,Administrative Overhead,Telephones,Commission/Dept Related,ITS-1YR USA PHONE LINE CHRGS AUG2020-JUL2021,120.79,USA,YEAR,CHRGS,LINE,PHONE
1607587200.0,#UCLA Wellness Initiative - Student Wellness Commission,Student Wellness Commission,SWC - Total Wellness Newsletter,Programming,Commission/Dept Related,REIM YEARLY SUBSCRIPTION TO LATER,150.0,YEARLY,LATER,SUBSCRIPTION
1607587200.0,Entertainment Fee,Campus Events Commission,Campus Events,Services/Subscriptions,Commission/Dept Related,REIM MAILCHIMP & BLUEHOST ONLINE SUBSCRIPTION,383.39,SUBSCRIPTION,BLUEHOST,MAILCHIMP,ONLINE
1607587200.0,The Green Initiative Fund (TGIF),The Green Initiative Fund,"Green Initiative Fund, The",Programming,VSU: High School Conf. (expires 12/15/2020),REQ#405251 T SHIRTS VIETNAMESE STUDENT UNION,489.29,UNION,SHIRT,STUDENT,VIETNAMESE,REQUEST
1608105600.0,Surplus Withdrawal,Academic Affairs Commission,Academic Affairs Commission (AAC),Programming,AAC: Books for Bruins,HONOR RAVINA WADHWANI PRESENTATION 10/19/2020,100.0,HONOR,RAVINA,WADHWANI,PRESENTATION
1608105600.0,#UCLA Wellness Initiative - Contingency,Contingency,Pilipinos for Community Health (PCH),Programming,PCH: Medical Outreach Sticker Fundraiser 11/01/2020,REIM MEDICAL OUTREACH STICKER FUNDRAISER,112.41,OUTREACH,FUNDRAISER,STICKER,MEDICAL
1608105600.0,USA Programming Fees,USA Programming Fund,Grupo Folklorico de UCLA,Programming,Grupo Folklorico: Dia de Los Muertos 11/14-11/15/20,REIM SUPPLIES DIA DE LOS MUERTOS 2020,654.57,SUPPLY,DE,DIA,MUERTOS
1608105600.0,USA Community Service Mini Fund,USA Community Service Mini Fund,Bruin Belles Service Association (BBSA),Programming,BB: Make and Give Drive (expires 2/3/2021),REIM SUPPLIES MAKE AND GIVE DRIVE 11/16-12/15/2020,222.31,DRIVE,SUPPLY,GIVE,MAKE
1608105600.0,USA Programming Fees,USA Programming Fund,Rocket Project at UCLA,Programming,Rocket Project: Hybrid Rocket Program Prometheus 10/24/20,REIM SHIPPING SUPPLIES TO SHIP ROCKET PARTS,53.07,SHIP,SUPPLY,ROCKET,PART
1608105600.0,#UCLA Wellness Initiative - Contingency,Contingency,Finance Committee,Hospitality,"FICOM: New Member Retreat 
12/09/2020",REIM FOOD FICOM RETREAT 12/9/2020,250.0,COMMITTEE,RETREAT,FINANCIAL,FOOD
1608105600.0,Membership Fees,Administrative Overhead,Elections Board,Outside Advertising,Commission/Dept Related,REIM FACEBOOK AD FALL RETREAT,189.12,FACEBOOK,RETREAT,FALL,AD
1608105600.0,The Green Initiative Fund (TGIF),The Green Initiative Fund,"Green Initiative Fund, The",Programming,DCS: Solar Roof (expires 6/30/2021),PIVOT INVOICE DESIGN CREATE SOLAR AT UCLA 12/12/20,8635.87,PIVOT,INVOICE,CREATE,DESIGN,SOLAR
1608105600.0,USA Programming Fees,USA Programming Fund,Rocket Project at UCLA,Programming,Rocket Project: Liquid Rocket Education Ares 11/6/20,REQ405441,2261.2
1608105600.0,USA Programming Fees,USA Programming Fund,Rocket Project at UCLA,Programming,Rocket Project: Liquid Rocket Education Ares 11/6/20,REQ 405441,320.99,REQUEST
1608105600.0,USA Programming Fees,USA Programming Fund,Rocket Project at UCLA,Programming,Rocket Project: Liquid Rocket Education Ares 11/6/20,REQ 405441,571.88,REQUEST
1608105600.0,USA Programming Fees,USA Programming Fund,Rocket Project at UCLA,Programming,Rocket Project: Liquid Rocket Education Ares 11/6/20,REQ 405441,427.8,REQUEST
1608105600.0,USA Programming Fees,USA Programming Fund,Rocket Project at UCLA,Programming,Rocket Project: Liquid Rocket Education Ares 11/6/20,REQ 405441,73.75,REQUEST
1608105600.0,USA Programming Fees,USA Programming Fund,Rocket Project at UCLA,Programming,Rocket Project: Liquid Rocket Education Ares 11/6/20,REQ 405441,266.63,REQUEST
1608105600.0,USA Programming Fees,USA Programming Fund,Rocket Project at UCLA,Programming,Rocket Project: Liquid Rocket Education Ares 11/6/20,REQ 405441,20.93,REQUEST
1608105600.0,USA Programming Fees,USA Programming Fund,Rocket Project at UCLA,Programming,Rocket Project: Hybrid Rocket Program Prometheus 10/24/20,REQ 405442,432.12,REQUEST
1608105600.0,USA Programming Fees,USA Programming Fund,Rocket Project at UCLA,Programming,Rocket Project: Liquid Rocket Education Ares 11/6/20,REQ 405226,1261.33,REQUEST
1608105600.0,The Green Initiative Fund (TGIF),The Green Initiative Fund,"Green Initiative Fund, The",Programming,VSU: High School Conf. (expires 12/15/2020),REQ#405250 MUGS VIETNAMESE STUDENT UNION,617.22,UNION,MUG,STUDENT,VIETNAMESE,REQUEST
1608105600.0,#UCLA Wellness Initiative - Contingency,Contingency,Vietnamese Student Union (VSU),Programming,VSU: High School Conference 11/13/2020,SALES ORDER #75041-1 LANYARDS W/ BREAKAWAY,342.55,LANYARD,ORDER,SALE,BREAKAWAY
1608105600.0,USA Programming Fees,USA Programming Fund,Rocket Project at UCLA,Programming,Rocket Project: Liquid Rocket Education Ares 11/6/20,REQ 405222,107.34,REQUEST
1608105600.0,USA Programming Fees,USA Programming Fund,Rocket Project at UCLA,Programming,Rocket Project: RISE 10/12/20,REQ 405432,1057.99,REQUEST
1608192000.0,USA Programming Fees,USA Programming Fund,Baja SAE,Programming,Baja SAE: Training + Manufacturing 10/8/20,REIM SAE COMPETITION REGISTRATION,900.0,REGISTRATION,COMPETITION
1608451200.0,Membership Fees,Administrative Overhead,Administrative Overhead,Bank Balance Charges,Commission/Dept Related,DEC 2020 ACTUAL BANK CHARGES,530.9,DECEMBER,BANK,ACTUAL
1608710400.0,Membership Fees,Campus Events Commission,Campus Events,Assistance,Commission/Dept Related,DEC 2020 BIWEEKLY PAYROLL EXPENSE,43036.3,PAYROLL,DECEMBER,BI-WEEKLY
1608710400.0,CALPIRG Voluntary Fee Income,Voluntary Fee,Calpirg-USA,Special Fee Remittance,Commission/Dept Related,FALL 2020 CALPIRG VOLUNTARY FEE EXPENSE PER USA RECON,39583.56,CALPIRG,RECON,VOLUNTARY,FALL,USA
1608883200.0,Membership Fees,Community Service Commission,Community Service Commission (CSC),Assistance,Commission/Dept Related,XFR DEC2020 STPND J.VON MORGENLAND /BRC-CS MINIFUND,0.0,MINIFUND,STIPEND,TRANSFER,MORGENLAND
1608883200.0,Membership Fees,Community Service Commission,Community Service Commission (CSC),Assistance,Commission/Dept Related,XFR DEC2020 STPND NGAN TRAN/BRC-CS MINIFUND,0.0,MINIFUND,STIPEND,TRANSFER
1609833600.0,#UCLA Wellness Initiative - Student Wellness Commission,Student Wellness Commission,SWC - Active Minds,Programming,Commission/Dept Related,REIM HAPPINESS PLANNER JOURNAL SOCIAL MEDIA 5/27/20,61.47,PLANNER,MEDIUM,JOURNAL,HAPPINESS,SOCIAL
1609833600.0,Entertainment Fee,Cultural Affairs Commission,Cultural Affairs Commission (CAC),Retreats and Conferences,Commission/Dept Related,REIM FATBURGER CAC FALL RETREAT 10/10/2020,16.61,RETREAT,FALL,FATBURGER
1609833600.0,Entertainment Fee,Cultural Affairs Commission,Cultural Affairs Commission (CAC),Retreats and Conferences,Commission/Dept Related,REIM CAC DIRECTOR RETREAT DINNER 10/11/2020,13.0,DINNER,RETREAT,DIRECTOR
1609833600.0,Entertainment Fee,Cultural Affairs Commission,Cultural Affairs Commission (CAC),Retreats and Conferences,Commission/Dept Related,REIM RETREAT DINNER ZOOM MTG 10/10/2020,15.68,DINNER,ZOOM,RETREAT,MEET
1609833600.0,Entertainment Fee,Cultural Affairs Commission,Cultural Affairs Commission (CAC),Retreats and Conferences,Commission/Dept Related,REIM RETREAT DINNER ZOOM MTG 10/10/2020,20.0,DINNER,ZOOM,RETREAT,MEET
1609833600.0,Entertainment Fee,Cultural Affairs Commission,Cultural Affairs Commission (CAC),Retreats and Conferences,Commission/Dept Related,REIM DINNER RETREAT CAC,20.0,DINNER,RETREAT
1609833600.0,Entertainment Fee,Cultural Affairs Commission,Cultural Affairs Commission (CAC),Retreats and Conferences,Commission/Dept Related,REIM RETREAT DINNER CAC FALL RETREAT 10/10/2020,18.15,DINNER,RETREAT,FALL
1609833600.0,Entertainment Fee,Cultural Affairs Commission,Cultural Affairs Commission (CAC),Retreats and Conferences,Commission/Dept Related,REIM RETREAT DINNER CAC DIRECTORS RETREAT 10/11/20,20.0,DINNER,RETREAT,DIRECTOR
1609833600.0,#UCLA Wellness Initiative - Student Wellness Commission,Student Wellness Commission,SWC Programming Fund,Programming,Commission/Dept Related,REIM CUSTOM MASKS MAIL BOXES BREAST CANCER RALLY,188.3,RALLY,CUSTOM,MASK,MAIL,CANCER,BOX,BREAST
1609833600.0,#UCLA Wellness Initiative - Student Wellness Commission,Student Wellness Commission,SWC Student Health Investigatory,Programming,Commission/Dept Related,REIM GIFT CARDS FOR EEP SURVEYS BRUINECESSITIES 10/23,30.0,GIFT,CARD,SURVEY,BRUINECESSITIES
1609833600.0,#UCLA Wellness Initiative - Student Wellness Commission,Student Wellness Commission,SWC Programming Fund,Programming,Commission/Dept Related,REIM GIFT CARDS GLOBEMED WALKATHON 11/21/2020,300.0,GIFT,GLOBEMED,CARD,WALKATHON
1609833600.0,Student Welfare Fees,Student Wellness Commission,Student Wellness Commission (SWC),Programming,Commission/Dept Related,REIM BASIC NEEDS BALANCE FROM CASH ADV U114374,121.2,BASIC,NEED,BALANCE
1609833600.0,#UCLA Wellness Initiative - Student Wellness Commission,Student Wellness Commission,Bruin Necessities,Programming,Commission/Dept Related,REIM PRIORITY MAIL 2 DAY SHIPPING SHENANIGANS 11/12,19.6,PRIORITY,SHIP,MAIL,SHENANIGAN,DAY
1609833600.0,#UCLA Wellness Initiative - Student Wellness Commission,Student Wellness Commission,SWC Student Health Investigatory,Programming,Commission/Dept Related,REIM BITF GIFT CARDS FOR EEP SURVEYS 11/12/2020,50.0,GIFT,CARD,SURVEY
1609833600.0,#UCLA Wellness Initiative - Student Wellness Commission,Student Wellness Commission,SWC - Total Wellness Newsletter,Programming,Commission/Dept Related,REIM AROMATHERAPY DIFFUSER SET SOUND HEALING 11/18,43.75,AROMATHERAPY,SET,DIFFUSER,HEAL,SOUND
1609833600.0,#UCLA Wellness Initiative - Student Wellness Commission,Student Wellness Commission,SWC - Active Minds,Programming,Commission/Dept Related,REIM GRATITUDE JOURNALS FOR VIRTUAL WORKSHOP 11/12,100.38,VIRTUAL,JOURNAL,GRATITUDE,WORKSHOP
1609833600.0,#UCLA Wellness Initiative - Student Wellness Commission,Student Wellness Commission,SWC Programming Fund,Programming,Commission/Dept Related,REIM PLATICA CON CENTRO FLOWER SUPPLIES 12/3/2020,65.7,CENTRO,SUPPLY,CON,FLOWER,PLATICA
1609833600.0,#UCLA Wellness Initiative - Student Wellness Commission,Student Wellness Commission,SWC Programming Fund,Programming,Commission/Dept Related,REIM PLATICA CON CENTRO FLOWER SUPPLIES 12/3/2020,77.33,CENTRO,SUPPLY,CON,FLOWER,PLATICA
1609833600.0,#UCLA Wellness Initiative - Student Wellness Commission,Student Wellness Commission,SWC Programming Fund,Programming,Commission/Dept Related,REIM PLATICA CON CENTRO FLOWER SUPPLIES 12/3/2020,64.66,CENTRO,SUPPLY,CON,FLOWER,PLATICA
1609833600.0,#UCLA Wellness Initiative - Student Wellness Commission,Student Wellness Commission,SWC Programming Fund,Programming,Commission/Dept Related,REIM PLATICA CON CENTRO FLOWER SUPPLIES 12/3/2020,64.8,CENTRO,SUPPLY,CON,FLOWER,PLATICA
1609833600.0,#UCLA Wellness Initiative - Student Wellness Commission,Student Wellness Commission,SWC Programming Fund,Programming,Commission/Dept Related,REIM PLATICA CON CENTRO FLOWER SUPPLIES 12/3/2020,106.0,CENTRO,SUPPLY,CON,FLOWER,PLATICA
1609833600.0,#UCLA Wellness Initiative - Student Wellness Commission,Student Wellness Commission,SWC - Active Minds,Programming,Commission/Dept Related,REIM TARGET/AMAZON GIFT CARD MENTAL HEALTH PANEL,50.0,HEALTH,CARD,PANEL,GIFT,AMAZON,MENTAL,TARGET
1609833600.0,#UCLA Wellness Initiative - Student Wellness Commission,Student Wellness Commission,SWC - Active Minds,Programming,Commission/Dept Related,REIM YOGA POWER MAP & GIFT CARD YOGA MINDFULNESS,73.56,CARD,POWER,MAP,GIFT,MINDFULNESS,YOGA
1609833600.0,#UCLA Wellness Initiative - Student Wellness Commission,Student Wellness Commission,Bruin Necessities,Programming,Commission/Dept Related,REIM WINTER ORAL HYGIENE FAIR CANVAS & FI NOB 2/27,25.71,WINTER,FAIR,ORAL,HYGIENE,NOB,CANVAS
1609833600.0,External Vice President's Fee,External Vice President,External Vice President,Programming,Commission/Dept Related,REIM ORNAMENTS UCLA STORE AND SHIPPING COST,904.4,STORE,COST,ORNAMENT,SHIP
1609833600.0,Community Service Fees,Community Service Commission,CSC Supplement Funds for Service,Programming,Commission/Dept Related,REIM PAINT KITS WINTER STAFF RETREAT ONLINE 12/21/2020,220.0,STAFF,WINTER,KIT,RETREAT,ONLINE,PAINT
1609833600.0,#UCLA Wellness Initiative - Student Wellness Commission,Student Wellness Commission,Bruin Necessities,Programming,Commission/Dept Related,REIM GIFT CARDS MENSTRUAL HYGIENE CHALLENGE,105.9,CARD,CHALLENGE,MENSTRUAL,GIFT,HYGIENE
1609833600.0,#UCLA Wellness Initiative - Student Wellness Commission,Student Wellness Commission,SWC Student Health Investigatory,Programming,Commission/Dept Related,REIM GIFT CARDS FOR EEP SURVEYS 11/12-12/1/2020,125.0,GIFT,CARD,SURVEY
1609833600.0,#UCLA Wellness Initiative - Student Wellness Commission,Student Wellness Commission,SWC Programming Fund,Programming,Commission/Dept Related,REIM GIFT CARDS MOTIVATION FOR FINALS VIRTUAL 12/3/20,150.0,FINAL,CARD,MOTIVATION,VIRTUAL,GIFT
1609833600.0,#UCLA Wellness Initiative - Contingency,Contingency,Cadenza A Cappella,Programming,Cadenza: Recording 10/30/2020,REIM MICROPHONE CADENZA A CAPPELLA RECORDING 10/30,320.86,CADENZA,CAPPELLA,MICROPHONE,RECORD
1609833600.0,Prior Year Other Income,Internal Vice President,Internal Vice President,Programming,Commission/Dept Related,REIM IVP GAME NIGHT/PETS AND PREP 12/10-12/2020,30.0,PREP,INTERNAL,NIGHT,PRESIDENT,GAME,PET,VICE
1609833600.0,#UCLA Wellness Initiative - Contingency,Contingency,Moneythink,Programming,"MT: Financial Literacy/Mentoring
 01/20/2021",REIM SQUARESPACE SUBSCRIPTION FINANCIAL LIT MTG 1/20,216.0,SQUARESPACE,LIGHT,MEET,FINANCIAL,SUBSCRIPTION
1609833600.0,#UCLA Wellness Initiative - Student Wellness Commission,Student Wellness Commission,Bruin Necessities,Programming,Commission/Dept Related,REIM GIFT CARDS MENSTRUAL HYGIENE CHALLENGE,55.9,CARD,CHALLENGE,MENSTRUAL,GIFT,HYGIENE
1609833600.0,#UCLA Wellness Initiative - Contingency,Contingency,Moneythink,Programming,"MT: Financial Literacy/Mentoring
 01/20/2021",REIM CHEGG STUDY UCLA MENTORING 1/20/2021,14.95,CHEGG,MENTOR,STUDY
1609833600.0,#UCLA Wellness Initiative - Contingency,Contingency,Moneythink,Programming,"MT: Financial Literacy/Mentoring
 01/20/2021",REIM INCENTIVES GOOGLE HOME MINI 1/20/2021,32.67,GOOGLE,HOME,MINI,INCENTIVE
1609833600.0,#UCLA Wellness Initiative - Contingency,Contingency,Moneythink,Programming,"MT: Financial Literacy/Mentoring
 01/20/2021",REIM WSJ SUBSCRIPTION MONTHLY 1/20/2021,19.5,SUBSCRIPTION,MONTHLY
1609833600.0,USA Community Service Mini Fund,USA Community Service Mini Fund,Bruin Belles Service Association (BBSA),Programming,BB: Make and Give Drive (expires 2/3/2021),REIM SUPPLIES MAKE AND GIVE DRIVE 11/16-12/15/2020,258.37,DRIVE,SUPPLY,GIVE,MAKE
1609833600.0,#UCLA Wellness Initiative - Contingency,Contingency,American Cancer Society (ACS) on Campus,Incentives,ACS: Breast Cancer Awareness 10/28/2020,REIM PINK RIBBON SET BREAST CANCER AWARENESS 10/28,18.43,RIBBON,SET,AWARENESS,PINK,CANCER,BREAST
1609833600.0,#UCLA Wellness Initiative - Contingency,Contingency,Pre-Pharmacy Society,Incentives,"PPS: Fall 2020 Active Membership Raffle
12/10/2020",REIM FALL 2020 ACTIVE MEMBERSHIP RAFFLE SUPPLIES 12/10,23.85,MEMBERSHIP,SUPPLY,FALL,RAFFLE,ACTIVE
1609833600.0,#UCLA Wellness Initiative - Student Wellness Commission,Student Wellness Commission,SWC - Total Wellness Newsletter,Programming,Commission/Dept Related,REIM ANNUAL HOOTSUITE & NAMECHEAP SUBSCRIPTION,363.16,SUBSCRIPTION,ANNUAL,NAMECHEAP,HOOTSUITE
1609833600.0,USA Community Service Mini Fund,USA Community Service Mini Fund,Flying Samaritans at UCLA,Programming,FS: Flying Samaritans at UCLA (expires 2/3/2021),REIM HERTZ TWO DAY VAN RENTAL PACKAGE DROP OFF 12/19,291.31,TWO,RENTAL,VAN,HERTZ,DAY,PACKAGE,DROP
1609833600.0,USA Community Service Mini Fund,USA Community Service Mini Fund,Flying Samaritans at UCLA,Programming,FS: Flying Samaritans at UCLA (expires 2/3/2021),REIM HERTZ TWO DAY VAN RENTAL PACKAGE DROP OFF,374.63,TWO,RENTAL,VAN,HERTZ,DAY,PACKAGE,DROP
1609833600.0,Membership Fees,President,Presidents Office,Programming,Commission/Dept Related,REIM PRORATED FEE TRELLO BUSINESS CLASS 7/18/2020,112.5,BUSINESS,CLASS,PRORATE,TRELLO
1609920000.0,External Vice President's Fee,External Vice President,EVP Travel Grant,Programming,Commission/Dept Related,REQ#405480 ABC CONF 2021 REGISTRATION,480.0,CONFERENCE,ABC,REGISTRATION,REQUEST
1609920000.0,USA Community Service Mini Fund,USA Community Service Mini Fund,Morning Sign Out at UCLA,Programming,MSO: Cool Kits and Crafts for Kids (2/3/2021),REQ #405491,217.77,REQUEST
1609920000.0,Student Welfare Fees,Student Wellness Commission,SWC - Wazo Connect,Programming,Commission/Dept Related,REIM COOKBOOKS WEEK 7 WAZO WELLNESS 11/18,51.48,WEEK,WELLNESS,COOKBOOK
1609920000.0,Entertainment Fee,Cultural Affairs Commission,Concerts (formerly Jazz/Folk) Series,Programming,Commission/Dept Related,HONOR CAC CONCERNTS AUTUMN ACOUSTICS ZINE/ARTIST,150.0,ACOUSTIC,AUTUMN,HONOR,ARTIST,CONCERNTS
1609920000.0,USA Community Service Mini Fund,USA Community Service Mini Fund,Morning Sign Out at UCLA,Programming,MSO: Cool Kits and Crafts for Kids (2/3/2021),REIM FACE MASKS KEEPING MEASURES AGAIN COVID FALL,169.95,FACE,KEEP,MEASURE,MASK,FALL,COVID
1609920000.0,Entertainment Fee,Campus Events Commission,Campus Events,Programming,Commission/Dept Related,HONOR CEC CONCERT GABRIEL GAZON-MONTANO 12/10/20,5000.0,GABRIEL,CONCERT,HONOR,GAZON,MONTANO
1609920000.0,Entertainment Fee,Campus Events Commission,Campus Events,Programming,Commission/Dept Related,RVRS API-6321 NAME IS WRONG,-5000.0,NAME,REVERSE,WRONG
1609920000.0,Entertainment Fee,Campus Events Commission,CEC - Concerts,Honorarium,Commission/Dept Related,HONOR CEC & UCLA RADIO GABRIEL GARZON - MOLLY 12/10,2000.0,GABRIEL,GARZON,MOLLY,HONOR,RADIO
1609920000.0,Entertainment Fee,Campus Events Commission,Campus Events,Programming,Commission/Dept Related,HONOR CEC GABRIEL GARZON - CHRISTELLE 12/10/2020,1000.0,GARZON,HONOR,GABRIEL,CHRISTELLE
1609920000.0,#UCLA Wellness Initiative - Contingency,Contingency,Expressive Movement Initiative (EMI),Programming,"EMI: Weekly Dance Classes 
01/06/2021",REIM SUPPLIES EMI'S WEEKLY DANCE CLASSES 1/6-3/10/2021,209.18,WEEKLY,SUPPLY,CLASS,DANCE,EMI'S
1609920000.0,USA Community Service Mini Fund,USA Community Service Mini Fund,Bruin Hope: Project,Programming,BH: BruinHope Care Packages (expires 2/3/2021),REIM CHILD CLOTHING & SHOES BRUINHOPE CARE PACK,104.18,BRUINHOPE,SHOE,CLOTHE,PACK,CHILD,CARE
1609920000.0,#UCLA Wellness Initiative - Contingency,Contingency,Artreach at UCLA,Programming,AAU: Pancake Art Competition 10/10/2020,REIM AMAZON GIFT CARDS PANCAKE ART SOCIAL 8/10/20,15.0,CARD,ART,PANCAKE,GIFT,AMAZON,SOCIAL
1609920000.0,#UCLA Wellness Initiative - Contingency,Contingency,Taiwanese American Union (TAU),Retreats and Conferences,"TAU: TCN Retreat 
12/11/2020",REIM AIRBNB TCN RETREAT 10/30/2020-10/31/2020,449.66,RETREAT,AIRBNB
1609920000.0,#UCLA Wellness Initiative - Contingency,Contingency,"Students for Community Outreach, Promotion and Ed. (SCOPE)",Programming,"SCOPE: Patient Health Advocates - PHASE Website 
12/25/2020",REIM TECH DOMAIN REG & VULTR PHASE WEBSITE 12/28,250.17,PHASE,WEBSITE,TECH,DOMAIN,VULTR
1609920000.0,USA Programming Fees,USA Programming Fund,American Indian Science & Engineering Sty (AISES),Programming,AISES: Youth Motivation Day 2/25/21,REIM 6 MODEL ROCKET KITS YOUTH MOTIVATION DAY 2/25,188.58,MODEL,ROCKET,MOTIVATION,YOUTH,DAY,KIT
1609920000.0,USA Community Service Mini Fund,USA Community Service Mini Fund,Mobile Clinic Project at UCLA (MCP) (Undergrad/Grad),Programming,MCP: Health Clinic for Homlessness (expires 2/3/2021),"REIM HAND SANITIZER FREE MED CLINIC 12/23/20, 12/30/20",125.4,HAND,SANITIZER,FREE,MED,CLINIC
1609920000.0,Membership Fees,Administrative Overhead,Administrative Overhead,Maintenance/Service Contract,Commission/Dept Related,"INV 02C6CR/02DVPI/02EH6T, UC-ITS VIRTUAL PRIV SRVR SG120004",749.67,VIRTUAL,02C6CR,02EH6T,INVERT
1609920000.0,Community Service Fees,Community Service Commission,Community Service Commission (CSC),Depreciation Expense,Commission/Dept Related,01/2021 VAN 4598 DEP EXP,137.49,VAN
1609920000.0,Community Service Fees,Community Service Commission,Community Service Commission (CSC),Depreciation Expense,Commission/Dept Related,01/2021 DEP EXP CSC COPIER SRL#8TB-644850,117.24,COPIER,SERIAL
1609920000.0,Community Service Fees,Community Service Commission,Community Service Commission (CSC),Depreciation Expense,Commission/Dept Related,01/2021 VAN 4597 DEP EXP,137.49,VAN
1609920000.0,Entertainment Fee,Campus Events Commission,Campus Events,Depreciation Expense,Commission/Dept Related,01/2021 DEP EXP DIGITAL PRJTR IN AGB,435.01,DIGITAL,PROJECTOR
1609920000.0,The Green Initiative Fund (TGIF),The Green Initiative Fund,"Green Initiative Fund, The",Admin and Support Services,Commission/Dept Related,JAN 2021 TGIF ALLOCATION,3814.0,INITIATIVE,FUND,GREEN,ALLOCATION,JANUARY
1609920000.0,Membership Fees,Administrative Overhead,Administrative Overhead,Admin and Support Services,Commission/Dept Related,"JAN 2021 A&SS, MAINT & UTILITIES CHARGES",49498.0,MAINTENANCE,JANUARY,UTILITY
1609920000.0,#UCLA Wellness Initiative - Contingency,Contingency,Medical Aid Initiative,Programming,MAI: Pre-Health & Sustainability Panel 11/20/2020,BAL DUE 405246 U114414 12/3/20,-100.0,DUE
1610438400.0,#UCLA Wellness Initiative - Contingency,Contingency,American Cancer Society (ACS) on Campus,Programming,"ACS: Relay for Life
 05/01/2020",REIM G SUITE INDIVIDUAL MEMBERSHIP RELAY FOR LIFE 5/1,65.0,MEMBERSHIP,LIFE,INDIVIDUAL,SUITE,RELAY
1610438400.0,Student Welfare Fees,Student Wellness Commission,Student Wellness Commission (SWC),Programming,Commission/Dept Related,REIM BASIC NEEDS FUND BALANCE FROM CASHADV U114387,289.25,BASIC,NEED,FUND,BALANCE
1610438400.0,USA Community Service Mini Fund,USA Community Service Mini Fund,Artreach at UCLA,Programming,AR: Artreach at UCLA Workshops (expires 2/3/2021),REIM COST OF MATERIALS ARTREACH UCLA 12/1/2020,857.12,MATERIAL,COST,ARTREACH
1610438400.0,#UCLA Wellness Initiative - Contingency,Contingency,TASA-Taiwanese American Student Association,Incentives,"TASA: Big-Little End-of-Quarter Event
 12/04/2020",REIM AMAZON GIFT CARD BIG LITTLE END OF QUARTER 12/4,90.0,END,CARD,LITTLE,GIFT,AMAZON,QUARTER,BIG
1610438400.0,USA Community Service Mini Fund,USA Community Service Mini Fund,Artreach at UCLA,Programming,AR: Artreach at UCLA Workshops (expires 2/3/2021),REIM MATERIALS ART WORKSHOP SERIES FALL QUARTER,235.31,ART,SERIES,MATERIAL,FALL,WORKSHOP,QUARTER
1610438400.0,#UCLA Wellness Initiative - Contingency,Contingency,Cadenza A Cappella,Programming,"Cadenza: Holiday Party
12/04/2020",REIM CADENZA HOLIDAY PARTY DELIVERY FEES 12/4/2020,141.74,CADENZA,PARTY,HOLIDAY,DELIVERY
1610438400.0,Community Service Fees,Community Service Commission,Community Service Commission (CSC),Supplies,Commission/Dept Related,REIM VCH VIRTUAL HEALTH FAIR FLYERS & PRINT 11/15/2020,58.31,HEALTH,PRINT,FAIR,VIRTUAL,COMMUNITY,VIETNAMESE,FLYER
1610438400.0,Community Service Fees,Community Service Commission,Community Service Commission (CSC),Supplies,Commission/Dept Related,REIM DISPOSABLE FACE MASKS CSC TRANSPORT MATERIALS,152.48,FACE,MATERIAL,MASK,DISPOSABLE,TRANSPORT
1610438400.0,USA Community Service Mini Fund,USA Community Service Mini Fund,Bruin Hope: Project,Programming,BH: BruinHope Care Packages (expires 2/3/2021),REIM SHOES/CLOTHES BRUIN HOPE PACKAGES 12/11/2020,1146.74,HOPE,BRUIN,SHOE,CLOTHE,PACKAGE
1610438400.0,USA Community Service Mini Fund,USA Community Service Mini Fund,Flying Samaritans at UCLA,Programming,FS: Flying Samaritans at UCLA (expires 2/3/2021),REIM DISPOSABLE FACE MASKS JAN CLINIC DROP OFF 1/17,35.55,FACE,MASK,DISPOSABLE,CLINIC,JANUARY,DROP
1610438400.0,Community Service Fees,Community Service Commission,CSC Supplement Funds for Service,Programming,Commission/Dept Related,REQ#405401,297.0,REQUEST
1610524800.0,The Green Initiative Fund (TGIF),The Green Initiative Fund,"Green Initiative Fund, The",Programming,CNI: Ambassadors (expires 6/30/2021),HONOR STIPEND CNI AMBASSADORS PROGRAM,400.0,AMBASSADOR,HONOR,STIPEND,PROGRAM
1610524800.0,The Green Initiative Fund (TGIF),The Green Initiative Fund,"Green Initiative Fund, The",Programming,CNI: Ambassadors (expires 6/30/2021),HONOR STIPEND CNI AMBASSADORS PROGRAM,400.0,AMBASSADOR,HONOR,STIPEND,PROGRAM
1610524800.0,#UCLA Wellness Initiative - Contingency,Contingency,Shenanigans Comedy Club,Programming,SCC: Men Aren't Funny 11/13/2020,HONOR PERFORMER MEN AREN'T FUNNY SHOW 11/13/2020,100.0,SHOW,MEN,HONOR,PERFORMER,FUNNY
1610524800.0,Entertainment Fee,Campus Events Commission,Campus Events,Programming,Commission/Dept Related,HONOR UCLA CEC GABRIEL GARZON PERFORMANCE 12/10,5000.0,GARZON,HONOR,PERFORMANCE,GABRIEL
1610524800.0,Community Service Fees,Community Service Commission,Community Service Commission (CSC),Supplies,Commission/Dept Related,CASH ADV PACKS OF RE TILE FOR CSC FLEET,264.21,TILE,FLEET,PACK
1610524800.0,USA Community Service Mini Fund,USA Community Service Mini Fund,Mobile Clinic Project at UCLA (MCP) (Undergrad/Grad),Programming,MCP: Health Clinic for Homlessness (expires 2/3/2021),CASH ADV SUPPLIES HEALTH CLINIC FOR HOMELESSNESS,1154.13,HEALTH,SUPPLY,HOMELESSNESS,CLINIC
1610524800.0,The Green Initiative Fund (TGIF),The Green Initiative Fund,"Green Initiative Fund, The",Programming,DCS: Solar Roof (expires 6/30/2021),CASH ADV DCS SOLAR ROOF TUBES AND SUPPORT PLATES,3000.0,SUPPORT,PLAT,TUBE,DC,ROOF,SOLAR
1610524800.0,Good Clothes Good People Fund,Community Service Commission,Good Clothes Good People,Programming,Commission/Dept Related,REQ#405317 ASUCLA STORE 27 $25 GIFT CARDS GCGP,675.0,ASUCLA,CARD,STORE,GOOD,PEOPLE,GIFT,CLOTHE,REQUEST
1610524800.0,USA Programming Fees,USA Programming Fund,Rocket Project at UCLA,Programming,Rocket Project: Liquid Rocket Education Ares 11/6/20,REQ#405534,419.78,REQUEST
1610524800.0,USA Programming Fees,USA Programming Fund,Rocket Project at UCLA,Programming,Rocket Project: Liquid Rocket Education Ares 11/6/20,REQ#405535 METAL HOSE ASSEMBLY,104.1,HOSE,ASSEMBLY,METAL,REQUEST
1610611200.0,Membership Fees,Administrative Overhead,Administrative Overhead,Maintenance/Service Contract,Commission/Dept Related,UC-ITS VIRTUAL PRIVATE SRVER-DATA CTR-USA,249.89,SRVER,CENTER,VIRTUAL,DATA,USA,PRIVATE
1610611200.0,Membership Fees,Administrative Overhead,Administrative Overhead,Telephones,Commission/Dept Related,ITS-1YR USA PHONE LINE CHRGS AUG2020-JUL2021,120.79,USA,YEAR,CHRGS,LINE,PHONE
1610611200.0,Membership Fees,Administrative Overhead,Administrative Overhead,Maintenance/Service Contract,Commission/Dept Related,UC-ITS VIRTUAL PRIVATE SRVER-DATA CTR-USA,249.89,SRVER,CENTER,VIRTUAL,DATA,USA,PRIVATE
1611043200.0,Student Initiated Outreach Fee,Membership Fee,Student Initiated Access Committee,Special Fee Remittance,Commission/Dept Related,REMIT FALL 2020 SIAC PLEDGE FEE,68229.5,FALL,PLEDGE
1611043200.0,Campus Retention Committee,Membership Fee,Campus Retention Committee,Special Fee Remittance,Commission/Dept Related,REMIT FALL 2020 CRC PLEDGE FEE,52160.01,FALL,PLEDGE
1611043200.0,Community Programs Office Fee,Membership Fee,Community Programs Office Fee,Special Fee Remittance,Commission/Dept Related,REMIT FALL 2020 CPO PLEDGE FEE,30031.52,FALL,PLEDGE
1611043200.0,Community Programs Office Fee,Membership Fee,Community Programs Office Fee,Special Fee Remittance,Commission/Dept Related,REMIT FALL 2020 SREC PLEDGE FEE,90357.99,FALL,PLEDGE
1611043200.0,USA Community Service Mini Fund,USA Community Service Mini Fund,Flying Samaritans at UCLA,Programming,FS: Flying Samaritans at UCLA (expires 2/3/2021),REIM 10 BLOOD PRESSURE MONITOR CLINIC SUPPLY 1/17/21,359.6,MONITOR,SUPPLY,BLOOD,CLINIC,PRESSURE
1611043200.0,USA Community Service Mini Fund,USA Community Service Mini Fund,Morning Sign Out at UCLA,Programming,MSO: Cool Kits and Crafts for Kids (2/3/2021),REIM KEEPING MEASURES AGAINST COVID-19 KITS WINTER,123.39,WINTER,KEEP,MEASURE,COVID,KIT
1611043200.0,UCSA Mandatory Fee,Membership Fee,UCSA Contribution,Special Fee Remittance,Commission/Dept Related,REMIT FALL 2020 UCSA CONTRIBUTION,30918.14,CONTRIBUTION,UNIVERSITY,FALL,STUDENT,CALIFORNIA,ASSOCIATION
1611043200.0,Campus Retention Committee,Membership Fee,Campus Retention Committee,Special Fee Remittance,Commission/Dept Related,REMIT FALL 2020 CRC FEES,275075.86,FALL
1611043200.0,Community Activity Committee,Membership Fee,Community Activity Committee,Special Fee Remittance,Commission/Dept Related,REMIT FALL 2020 CAC FEE,126860.01,FALL
1611043200.0,Student Initiated Outreach Fee,Membership Fee,Student Initiated Access Committee,Special Fee Remittance,Commission/Dept Related,REMIT FALL 2020 SIAC FEE,203358.51,FALL
1611043200.0,#UCLA Wellness Initiative - CAPS,Membership Fee,#UCLA Wellness Initiative - CAPS,Special Fee Remittance,Commission/Dept Related,REMIT FALL 2020 #UCLAWELLNESS INITIATIVE FOR CAPS,154271.97,INITIATIVE,FALL,CAP,WELLNESS
1611043200.0,Social Justice: Community Activities Committee,Membership Fee,Community Activity Committee,Special Fee Remittance,Commission/Dept Related,REMIT FALL 2020 SOCIAL JUSTICE: CAC FEES,159690.62,FALL,JUSTICE,SOCIAL
1611043200.0,Social Justice: Campus Retention Committee,Membership Fee,Campus Retention Committee,Special Fee Remittance,Commission/Dept Related,REMIT FALL 2020 SOCIAL JUSTICE: CRC FEES,143434.69,FALL,JUSTICE,SOCIAL
1611043200.0,Social Justice: SIOC,Membership Fee,Student Initiated Access Committee,Special Fee Remittance,Commission/Dept Related,REMIT FALL 2020 SOCIAL JUSTICE: SIAC FEES,143434.69,FALL,JUSTICE,SOCIAL
1611043200.0,USA Programming Fees,USA Programming Fund,American Indian Science & Engineering Sty (AISES),Programming,AISES: Youth Motivation Day 2/25/21,REIM 300 SANDPAPER STRIPS YOUTH MOTIVATION DAY 2/25,131.0,SANDPAPER,MOTIVATION,DAY,YOUTH,STRIP
1611043200.0,Social Justice: Justic Camps Programming Fund,Membership Fee,Social Justice: Camps Programming Fund,Special Fee Remittance,Commission/Dept Related,REMIT FALL 2020 SOCIAL JUSTICE: SJC FEES,17849.65,FALL,JUSTICE,SOCIAL
1611043200.0,Social Justice: CPO Food Closet,Membership Fee,Social Justice: CPO Food Closet,Special Fee Remittance,Commission/Dept Related,REMIT FALL 2020 SOCIAL JUSTICE: CPO FOOD FEES,17849.65,FALL,JUSTICE,FOOD,SOCIAL
1611043200.0,Social Justice: LGBT,Membership Fee,Social Justice: LGBT,Special Fee Remittance,Commission/Dept Related,REMIT FALL 2020 SOCIAL JUSTICE: LGBT FEES,8924.82,FALL,JUSTICE,SOCIAL
1611043200.0,Social Justice: Cultural and Spiritual Student Programming F,Membership Fee,Social Justice: Cultural and Spiritual Student Programming,Special Fee Remittance,Commission/Dept Related,REMIT FALL 2020 SOCIAL JUSTICE: CSS FEES,8924.82,CS,FALL,JUSTICE,SOCIAL
1611043200.0,Social Justice: Students w/Dependent Child Care Service Fund,Membership Fee,Social Justice: Students w/Dependent Child Care Service Fd,Special Fee Remittance,Commission/Dept Related,REMIT FALL 2020 SOCIAL JUSTICE: SDCCS FEES,28368.19,FALL,JUSTICE,SOCIAL
1611043200.0,Social Justice: Academic Advancement Program,Membership Fee,Social Justice: Academic Advancement Program,Special Fee Remittance,Commission/Dept Related,REMIT FALL 2020 SOCIAL JUSTICE: AAP FEES,71717.34,FALL,JUSTICE,SOCIAL
1611043200.0,Social Justice: Cultural and Recreational Affairs John Woode,Membership Fee,Social Justice: Cultural and Recreational Affairs John Woode,Special Fee Remittance,Commission/Dept Related,REMIT FALL 2020 SOCIAL JUSTICE: CRA FEES,62792.52,FALL,JUSTICE,SOCIAL
1611043200.0,USA Programming Fees,USA Programming Fund,Latinx Film and Theatre Association (Night of Cultura),Programming,LFTA: Night of Cultura Theatre Production 5/21-5/22/21,REIM ONLINE NIGHT OF CULTURA SUPPLIES 5/8-9/2021,1767.16,SUPPLY,NIGHT,ONLINE,CULTURA
1611129600.0,USA Programming Fees,USA Programming Fund,Game Music Ensemble (GME),Programming,"GME: Journey 1/8/21, 2/26/21",REQ405502,1212.55
1611129600.0,USA Programming Fees,USA Programming Fund,Game Music Ensemble (GME),Programming,"GME: Journey 1/8/21, 2/26/21",REQ 405502,18.0,REQUEST
1611129600.0,#UCLA Wellness Initiative - Contingency,Contingency,TASA-Taiwanese American Student Association,Incentives,TASA: Points System Award 1/4/2021,REIM AMAZON E GIFT CARDS TASA POINTS 1/5/2021,100.0,GIFT,POINT,AMAZON,CARD
1611129600.0,#UCLA Wellness Initiative - Contingency,Contingency,Samahang Pilipino,Incentives,SP: WTR2021 Board Retreat 1/2/2021,REIM FOOD FOR RETREAT VISA GIFT CARDS WINTER 2021 SP,500.0,CARD,WINTER,VISA,RETREAT,FOOD,GIFT
1611129600.0,#UCLA Wellness Initiative - Contingency,Contingency,Moneythink,Programming,"MT: Financial Literacy/Mentoring
 01/20/2021",REIM WSJ MONTHLY SUBSCRIPTION JANUARY 2021,19.5,JANUARY,SUBSCRIPTION,MONTHLY
1611129600.0,Good Clothes Good People Fund,Community Service Commission,Good Clothes Good People,Programming,Commission/Dept Related,REIM PAY.GOV PAYMENT FORM 1023-EZ,275.0,PAY,FORM
1611129600.0,#UCLA Wellness Initiative - Contingency,Contingency,Moneythink,Programming,"MT: Financial Literacy/Mentoring
 01/20/2021",REIM UCLA MENTORING CHEGG STUDY 1/20/2021,14.95,CHEGG,MENTOR,STUDY
1611129600.0,Entertainment Fee,Campus Events Commission,Campus Events,Programming,Commission/Dept Related,HONOR MIGUEL CEC X CAC 1/12/2021,13500.0,HONOR,MIGUEL
1611129600.0,#UCLA Wellness Initiative - Contingency,Contingency,Expressive Movement Initiative (EMI),T-shirts,Commission/Dept Related,REIM TSHIRTS EMI WEEKLY DANCE CLASS 1/6-3/12/2021,500.0,DANCE,CLASS,T-SHIRT,WEEKLY
1611129600.0,#UCLA Wellness Initiative - Campus Events Commission,Campus Events Commission,Campus Events,Supplies,Commission/Dept Related,REIM MEDIA PRODUCTION BOX SUBS OCT-JAN,180.0,OCTOBER,PRODUCTION,MEDIUM,SUB,JANUARY,BOX
1611129600.0,USA Community Service Mini Fund,USA Community Service Mini Fund,Morning Sign Out at UCLA,Programming,MSO: Cool Kits and Crafts for Kids (2/3/2021),REIM BLANKETS FOR COVID PREPAREDNESS KITS WINTER,205.77,PREPAREDNESS,WINTER,BLANKET,COVID,KIT
1611129600.0,#UCLA Wellness Initiative - Contingency,Contingency,Cadenza A Cappella,Programming,Cadenza: Improv Workshop 11/25/2020,REIM MICROPHONES AND EQUIPTMENT CADENZA 1/19/21,499.68,CADENZA,EQUIPMENT,MICROPHONE
1611302400.0,Membership Fees,Campus Events Commission,Campus Events,Assistance,Commission/Dept Related,JAN2021 BIWEEKLY PAYROLL EXP,47379.88,PAYROLL,BI-WEEKLY
1611302400.0,Membership Fees,Community Service Commission,Community Service Commission (CSC),Assistance,Commission/Dept Related,XFE PPE 1/9/2021 STPND J.VON MORGENLAND/BRC-CS MINIFUND,0.0,MINIFUND,STIPEND,MORGENLAND
1611302400.0,Membership Fees,Community Service Commission,Community Service Commission (CSC),Assistance,Commission/Dept Related,XFR PPE 1/9/21 STPND NGAN TRAN/BRC-CS MINIFUND,0.0,MINIFUND,STIPEND,TRANSFER
1611302400.0,Membership Fees,Administrative Overhead,Administrative Overhead,Bank Balance Charges,Commission/Dept Related,JAN 2021 ACTUAL BANK CHRGES,746.51,JANUARY,ACTUAL,BANK
1611561600.0,#UCLA Wellness Initiative - Community Service Commission,Community Service Commission,Community Service Commission (CSC),Maintenance/Service Contract,Commission/Dept Related,FLEET-PREVENTATIVE MAINTENANCE SVC ON 10 CSC VANS,19.28,PREVENTATIVE,MAINTENANCE,FLEET,SERVICE,VAN
1611561600.0,#UCLA Wellness Initiative - Community Service Commission,Community Service Commission,Community Service Commission (CSC),Maintenance/Service Contract,Commission/Dept Related,FLEET-PREVENTATIVE MAINTENANCE SVC ON 10 CSC VANS,340.0,PREVENTATIVE,MAINTENANCE,FLEET,SERVICE,VAN
1611561600.0,#UCLA Wellness Initiative - Community Service Commission,Community Service Commission,Community Service Commission (CSC),Maintenance/Service Contract,Commission/Dept Related,FLEET-PREVENTATIVE MAINTENANCE SVC ON 10 CSC VANS,595.0,PREVENTATIVE,MAINTENANCE,FLEET,SERVICE,VAN
1611561600.0,USA Programming Fees,USA Programming Fund,American Indian Science & Engineering Sty (AISES),Programming,AISES: Youth Motivation Day 2/25/21,REIM WOOD GLUE YOUTH MOTIVATION 2/25/2021,630.54,WOOD,YOUTH,MOTIVATION,GLUE
1611561600.0,#UCLA Wellness Initiative - Contingency,Contingency,Resonance A Cappella,Programming,RAC: LA A Cappella Festival (LAAF) 2/27/2021,REIM REGISTRATION LA A CAPELLA FEST 2/27-28/2021,554.57,CAPELLA,LA,REGISTRATION,FESTIVAL
1611561600.0,#UCLA Wellness Initiative - Contingency,Contingency,Moneythink,Incentives,"MT: Financial Literacy/Mentoring
 01/20/2021",REIM GOOGLE HOME MINI MONEY THINK 1/20/2021,32.67,THINK,MONEY,GOOGLE,HOME,MINI
1611561600.0,USA Community Service Mini Fund,USA Community Service Mini Fund,Latino Student Health Project,Programming,LSHP: Midnight Mission (expires 2/3/2021),"SALES ORDER #75161-1, #75162-1 MIDNIGHT MISSION",506.92,MISSION,ORDER,SALE,MIDNIGHT
1611561600.0,USA Community Service Mini Fund,USA Community Service Mini Fund,Latino Student Health Project,Programming,LSHP: Midnight Mission (expires 2/3/2021),"SALES ORDER #75161-1, #75162-1 MIDNIGHT MISSION",1772.55,MISSION,ORDER,SALE,MIDNIGHT
1611561600.0,USA Community Service Mini Fund,USA Community Service Mini Fund,Latino Student Health Project,Programming,LSHP: Midnight Mission (expires 2/3/2021),SG120031,0.04
1611561600.0,USA Community Service Mini Fund,USA Community Service Mini Fund,Asian Pacific Health Corps (APHC),Programming,APHC: Care Packages (expires 2/3/2021),REQ#405481,2553.91,REQUEST
1611734400.0,Bruin Bash/EAF Fee,Campus Events Commission,CEC - Special Events,Programming,Commission/Dept Related,MAILING BRUIN BUSH EXPENSES,378.87,BRUIN,MAIL,BUSH
1611734400.0,Entertainment Fee,Campus Events Commission,Campus Events,Programming,Commission/Dept Related,HONR MENTAL HEALTH 1/21/21,300.0,HONOR,MENTAL,HEALTH
1611734400.0,USA Programming Fees,USA Programming Fund,Bruin Spacecraft Group (BSG),Programming,BSG: Project Overseer 1/19 - 2/10/21,CASH ADV SUPPLIES SETTING UP RASBERRY PI 2/4/21,390.73,SET,SUPPLY,PI,RASBERRY
1611734400.0,Good Clothes Good People Fund,Community Service Commission,Good Clothes Good People,Programming,Commission/Dept Related,CASH ADV 99 $25.00 GIFT CARD 12 SCHOOL ESSENTIALS,2844.6,GIFT,CARD,ESSENTIAL,SCHOOL
1611734400.0,#UCLA Wellness Initiative - Contingency,Contingency,Vietnamese Student Union (VSU),Programming,VSU: Online Mactivist Train'g w/Banteay 01/19/2021,HONR SEXUAL ASSAULT/SEXUAL VIOLENCE TRAINING 1/19/21,600.0,SEXUAL,TRAIN,HONOR,ASSAULT,VIOLENCE
